Date,Time,Precip (IN),Loss (IN),Excess (IN),Direct Flow (CFS),Baseflow (CFS),Total Flow (CFS)
6-May-85,0:00, , , ,0,0,0
6-May-85,0:01,0,0,0,0,0,0
6-May-85,0:02,0,0,0,0,0,0
6-May-85,0:03,0,0,0,0,0,0
6-May-85,0:04,0,0,0,0,0,0
6-May-85,0:05,0,0,0,0,0,0
6-May-85,0:06,0,0,0,0,0,0
6-May-85,0:07,0,0,0,0,0,0
6-May-85,0:08,0,0,0,0,0,0
6-May-85,0:09,0,0,0,0,0,0
6-May-85,0:10,0,0,0,0,0,0
6-May-85,0:11,0,0,0,0,0,0
6-May-85,0:12,0,0,0,0,0,0
6-May-85,0:13,0,0,0,0,0,0
6-May-85,0:14,0,0,0,0,0,0
6-May-85,0:15,0,0,0,0,0,0
6-May-85,0:16,0,0,0,0,0,0
6-May-85,0:17,0,0,0,0,0,0
6-May-85,0:18,0,0,0,0,0,0
6-May-85,0:19,0,0,0,0,0,0
6-May-85,0:20,0,0,0,0,0,0
6-May-85,0:21,0,0,0,0,0,0
6-May-85,0:22,0,0,0,0,0,0
6-May-85,0:23,0,0,0,0,0,0
6-May-85,0:24,0,0,0,0,0,0
6-May-85,0:25,0,0,0,0,0,0
6-May-85,0:26,0,0,0,0,0,0
6-May-85,0:27,0,0,0,0,0,0
6-May-85,0:28,0,0,0,0,0,0
6-May-85,0:29,0,0,0,0,0,0
6-May-85,0:30,0,0,0,0,0,0
6-May-85,0:31,0,0,0,0,0,0
6-May-85,0:32,0,0,0,0,0,0
6-May-85,0:33,0,0,0,0,0,0
6-May-85,0:34,0,0,0,0,0,0
6-May-85,0:35,0,0,0,0,0,0
6-May-85,0:36,0,0,0,0,0,0
6-May-85,0:37,0,0,0,0,0,0
6-May-85,0:38,0,0,0,0,0,0
6-May-85,0:39,0,0,0,0,0,0
6-May-85,0:40,0,0,0,0,0,0
6-May-85,0:41,0,0,0,0,0,0
6-May-85,0:42,0,0,0,0,0,0
6-May-85,0:43,0,0,0,0,0,0
6-May-85,0:44,0,0,0,0,0,0
6-May-85,0:45,0,0,0,0,0,0
6-May-85,0:46,0,0,0,0,0,0
6-May-85,0:47,0,0,0,0,0,0
6-May-85,0:48,0,0,0,0,0,0
6-May-85,0:49,0,0,0,0,0,0
6-May-85,0:50,0,0,0,0,0,0
6-May-85,0:51,0,0,0,0,0,0
6-May-85,0:52,0,0,0,0,0,0
6-May-85,0:53,0,0,0,0,0,0
6-May-85,0:54,0,0,0,0,0,0
6-May-85,0:55,0,0,0,0,0,0
6-May-85,0:56,0,0,0,0,0,0
6-May-85,0:57,0,0,0,0,0,0
6-May-85,0:58,0,0,0,0,0,0
6-May-85,0:59,0,0,0,0,0,0
6-May-85,1:00,0,0,0,0,0,0
6-May-85,1:01,0,0,0,0,0,0
6-May-85,1:02,0,0,0,0,0,0
6-May-85,1:03,0,0,0,0,0,0
6-May-85,1:04,0,0,0,0,0,0
6-May-85,1:05,0,0,0,0,0,0
6-May-85,1:06,0,0,0,0,0,0
6-May-85,1:07,0,0,0,0,0,0
6-May-85,1:08,0,0,0,0,0,0
6-May-85,1:09,0,0,0,0,0,0
6-May-85,1:10,0,0,0,0,0,0
6-May-85,1:11,0,0,0,0,0,0
6-May-85,1:12,0,0,0,0,0,0
6-May-85,1:13,0,0,0,0,0,0
6-May-85,1:14,0,0,0,0,0,0
6-May-85,1:15,0,0,0,0,0,0
6-May-85,1:16,0,0,0,0,0,0
6-May-85,1:17,0,0,0,0,0,0
6-May-85,1:18,0,0,0,0,0,0
6-May-85,1:19,0,0,0,0,0,0
6-May-85,1:20,0,0,0,0,0,0
6-May-85,1:21,0,0,0,0,0,0
6-May-85,1:22,0,0,0,0,0,0
6-May-85,1:23,0,0,0,0,0,0
6-May-85,1:24,0,0,0,0,0,0
6-May-85,1:25,0,0,0,0,0,0
6-May-85,1:26,0,0,0,0,0,0
6-May-85,1:27,0,0,0,0,0,0
6-May-85,1:28,0,0,0,0,0,0
6-May-85,1:29,0,0,0,0,0,0
6-May-85,1:30,0,0,0,0,0,0
6-May-85,1:31,0,0,0,0,0,0
6-May-85,1:32,0,0,0,0,0,0
6-May-85,1:33,0,0,0,0,0,0
6-May-85,1:34,0,0,0,0,0,0
6-May-85,1:35,0,0,0,0,0,0
6-May-85,1:36,0,0,0,0,0,0
6-May-85,1:37,0,0,0,0,0,0
6-May-85,1:38,0,0,0,0,0,0
6-May-85,1:39,0,0,0,0,0,0
6-May-85,1:40,0,0,0,0,0,0
6-May-85,1:41,0,0,0,0,0,0
6-May-85,1:42,0,0,0,0,0,0
6-May-85,1:43,0,0,0,0,0,0
6-May-85,1:44,0,0,0,0,0,0
6-May-85,1:45,0,0,0,0,0,0
6-May-85,1:46,0,0,0,0,0,0
6-May-85,1:47,0,0,0,0,0,0
6-May-85,1:48,0,0,0,0,0,0
6-May-85,1:49,0,0,0,0,0,0
6-May-85,1:50,0,0,0,0,0,0
6-May-85,1:51,0,0,0,0,0,0
6-May-85,1:52,0,0,0,0,0,0
6-May-85,1:53,0,0,0,0,0,0
6-May-85,1:54,0,0,0,0,0,0
6-May-85,1:55,0,0,0,0,0,0
6-May-85,1:56,0,0,0,0,0,0
6-May-85,1:57,0,0,0,0,0,0
6-May-85,1:58,0,0,0,0,0,0
6-May-85,1:59,0,0,0,0,0,0
6-May-85,2:00,0,0,0,0,0,0
6-May-85,2:01,0,0,0,0,0,0
6-May-85,2:02,0,0,0,0,0,0
6-May-85,2:03,0,0,0,0,0,0
6-May-85,2:04,0,0,0,0,0,0
6-May-85,2:05,0,0,0,0,0,0
6-May-85,2:06,0,0,0,0,0,0
6-May-85,2:07,0,0,0,0,0,0
6-May-85,2:08,0,0,0,0,0,0
6-May-85,2:09,0,0,0,0,0,0
6-May-85,2:10,0,0,0,0,0,0
6-May-85,2:11,0,0,0,0,0,0
6-May-85,2:12,0,0,0,0,0,0
6-May-85,2:13,0,0,0,0,0,0
6-May-85,2:14,0,0,0,0,0,0
6-May-85,2:15,0,0,0,0,0,0
6-May-85,2:16,0,0,0,0,0,0
6-May-85,2:17,0,0,0,0,0,0
6-May-85,2:18,0,0,0,0,0,0
6-May-85,2:19,0,0,0,0,0,0
6-May-85,2:20,0,0,0,0,0,0
6-May-85,2:21,0,0,0,0,0,0
6-May-85,2:22,0,0,0,0,0,0
6-May-85,2:23,0,0,0,0,0,0
6-May-85,2:24,0,0,0,0,0,0
6-May-85,2:25,0,0,0,0,0,0
6-May-85,2:26,0,0,0,0,0,0
6-May-85,2:27,0,0,0,0,0,0
6-May-85,2:28,0,0,0,0,0,0
6-May-85,2:29,0,0,0,0,0,0
6-May-85,2:30,0,0,0,0,0,0
6-May-85,2:31,0,0,0,0,0,0
6-May-85,2:32,0,0,0,0,0,0
6-May-85,2:33,0,0,0,0,0,0
6-May-85,2:34,0,0,0,0,0,0
6-May-85,2:35,0,0,0,0,0,0
6-May-85,2:36,0,0,0,0,0,0
6-May-85,2:37,0,0,0,0,0,0
6-May-85,2:38,0,0,0,0,0,0
6-May-85,2:39,0,0,0,0,0,0
6-May-85,2:40,0,0,0,0,0,0
6-May-85,2:41,0,0,0,0,0,0
6-May-85,2:42,0,0,0,0,0,0
6-May-85,2:43,0,0,0,0,0,0
6-May-85,2:44,0,0,0,0,0,0
6-May-85,2:45,0,0,0,0,0,0
6-May-85,2:46,0,0,0,0,0,0
6-May-85,2:47,0,0,0,0,0,0
6-May-85,2:48,0,0,0,0,0,0
6-May-85,2:49,0,0,0,0,0,0
6-May-85,2:50,0,0,0,0,0,0
6-May-85,2:51,0,0,0,0,0,0
6-May-85,2:52,0,0,0,0,0,0
6-May-85,2:53,0,0,0,0,0,0
6-May-85,2:54,0,0,0,0,0,0
6-May-85,2:55,0,0,0,0,0,0
6-May-85,2:56,0,0,0,0,0,0
6-May-85,2:57,0,0,0,0,0,0
6-May-85,2:58,0,0,0,0,0,0
6-May-85,2:59,0,0,0,0,0,0
6-May-85,3:00,0,0,0,0,0,0
6-May-85,3:01,0,0,0,0,0,0
6-May-85,3:02,0,0,0,0,0,0
6-May-85,3:03,0,0,0,0,0,0
6-May-85,3:04,0,0,0,0,0,0
6-May-85,3:05,0,0,0,0,0,0
6-May-85,3:06,0,0,0,0,0,0
6-May-85,3:07,0,0,0,0,0,0
6-May-85,3:08,0,0,0,0,0,0
6-May-85,3:09,0,0,0,0,0,0
6-May-85,3:10,0,0,0,0,0,0
6-May-85,3:11,0,0,0,0,0,0
6-May-85,3:12,0,0,0,0,0,0
6-May-85,3:13,0,0,0,0,0,0
6-May-85,3:14,0,0,0,0,0,0
6-May-85,3:15,0,0,0,0,0,0
6-May-85,3:16,0,0,0,0,0,0
6-May-85,3:17,0,0,0,0,0,0
6-May-85,3:18,0,0,0,0,0,0
6-May-85,3:19,0,0,0,0,0,0
6-May-85,3:20,0,0,0,0,0,0
6-May-85,3:21,0,0,0,0,0,0
6-May-85,3:22,0,0,0,0,0,0
6-May-85,3:23,0,0,0,0,0,0
6-May-85,3:24,0,0,0,0,0,0
6-May-85,3:25,0,0,0,0,0,0
6-May-85,3:26,0,0,0,0,0,0
6-May-85,3:27,0,0,0,0,0,0
6-May-85,3:28,0,0,0,0,0,0
6-May-85,3:29,0,0,0,0,0,0
6-May-85,3:30,0,0,0,0,0,0
6-May-85,3:31,0,0,0,0,0,0
6-May-85,3:32,0,0,0,0,0,0
6-May-85,3:33,0,0,0,0,0,0
6-May-85,3:34,0,0,0,0,0,0
6-May-85,3:35,0,0,0,0,0,0
6-May-85,3:36,0,0,0,0,0,0
6-May-85,3:37,0,0,0,0,0,0
6-May-85,3:38,0,0,0,0,0,0
6-May-85,3:39,0,0,0,0,0,0
6-May-85,3:40,0,0,0,0,0,0
6-May-85,3:41,0,0,0,0.1,0,0.1
6-May-85,3:42,0,0,0,0.1,0,0.1
6-May-85,3:43,0,0,0,0.1,0,0.1
6-May-85,3:44,0,0,0,0.1,0,0.1
6-May-85,3:45,0,0,0,0.1,0,0.1
6-May-85,3:46,0,0,0,0.1,0,0.1
6-May-85,3:47,0,0,0,0.1,0,0.1
6-May-85,3:48,0,0,0,0.1,0,0.1
6-May-85,3:49,0,0,0,0.1,0,0.1
6-May-85,3:50,0,0,0,0.1,0,0.1
6-May-85,3:51,0,0,0,0.1,0,0.1
6-May-85,3:52,0,0,0,0.1,0,0.1
6-May-85,3:53,0,0,0,0.1,0,0.1
6-May-85,3:54,0,0,0,0.1,0,0.1
6-May-85,3:55,0,0,0,0.1,0,0.1
6-May-85,3:56,0,0,0,0.1,0,0.1
6-May-85,3:57,0,0,0,0.1,0,0.1
6-May-85,3:58,0,0,0,0.1,0,0.1
6-May-85,3:59,0,0,0,0.1,0,0.1
6-May-85,4:00,0,0,0,0.1,0,0.1
6-May-85,4:01,0,0,0,0.1,0,0.1
6-May-85,4:02,0,0,0,0.1,0,0.1
6-May-85,4:03,0,0,0,0.1,0,0.1
6-May-85,4:04,0,0,0,0.1,0,0.1
6-May-85,4:05,0,0,0,0.1,0,0.1
6-May-85,4:06,0,0,0,0.1,0,0.1
6-May-85,4:07,0,0,0,0.1,0,0.1
6-May-85,4:08,0,0,0,0.1,0,0.1
6-May-85,4:09,0,0,0,0.1,0,0.1
6-May-85,4:10,0,0,0,0.1,0,0.1
6-May-85,4:11,0,0,0,0.1,0,0.1
6-May-85,4:12,0,0,0,0.1,0,0.1
6-May-85,4:13,0,0,0,0.1,0,0.1
6-May-85,4:14,0,0,0,0.1,0,0.1
6-May-85,4:15,0,0,0,0.1,0,0.1
6-May-85,4:16,0,0,0,0.1,0,0.1
6-May-85,4:17,0,0,0,0.1,0,0.1
6-May-85,4:18,0,0,0,0.1,0,0.1
6-May-85,4:19,0,0,0,0.1,0,0.1
6-May-85,4:20,0,0,0,0.1,0,0.1
6-May-85,4:21,0,0,0,0.1,0,0.1
6-May-85,4:22,0,0,0,0.1,0,0.1
6-May-85,4:23,0,0,0,0.2,0,0.2
6-May-85,4:24,0,0,0,0.2,0,0.2
6-May-85,4:25,0,0,0,0.2,0,0.2
6-May-85,4:26,0,0,0,0.2,0,0.2
6-May-85,4:27,0,0,0,0.2,0,0.2
6-May-85,4:28,0,0,0,0.2,0,0.2
6-May-85,4:29,0,0,0,0.2,0,0.2
6-May-85,4:30,0,0,0,0.2,0,0.2
6-May-85,4:31,0,0,0,0.2,0,0.2
6-May-85,4:32,0,0,0,0.2,0,0.2
6-May-85,4:33,0,0,0,0.2,0,0.2
6-May-85,4:34,0,0,0,0.2,0,0.2
6-May-85,4:35,0,0,0,0.2,0,0.2
6-May-85,4:36,0,0,0,0.2,0,0.2
6-May-85,4:37,0,0,0,0.2,0,0.2
6-May-85,4:38,0,0,0,0.2,0,0.2
6-May-85,4:39,0,0,0,0.2,0,0.2
6-May-85,4:40,0,0,0,0.2,0,0.2
6-May-85,4:41,0,0,0,0.2,0,0.2
6-May-85,4:42,0,0,0,0.2,0,0.2
6-May-85,4:43,0,0,0,0.2,0,0.2
6-May-85,4:44,0,0,0,0.2,0,0.2
6-May-85,4:45,0,0,0,0.2,0,0.2
6-May-85,4:46,0,0,0,0.2,0,0.2
6-May-85,4:47,0,0,0,0.2,0,0.2
6-May-85,4:48,0,0,0,0.2,0,0.2
6-May-85,4:49,0,0,0,0.2,0,0.2
6-May-85,4:50,0,0,0,0.2,0,0.2
6-May-85,4:51,0,0,0,0.2,0,0.2
6-May-85,4:52,0,0,0,0.2,0,0.2
6-May-85,4:53,0,0,0,0.2,0,0.2
6-May-85,4:54,0,0,0,0.2,0,0.2
6-May-85,4:55,0,0,0,0.2,0,0.2
6-May-85,4:56,0,0,0,0.2,0,0.2
6-May-85,4:57,0,0,0,0.2,0,0.2
6-May-85,4:58,0,0,0,0.2,0,0.2
6-May-85,4:59,0,0,0,0.2,0,0.2
6-May-85,5:00,0,0,0,0.2,0,0.2
6-May-85,5:01,0,0,0,0.2,0,0.2
6-May-85,5:02,0,0,0,0.3,0,0.3
6-May-85,5:03,0,0,0,0.3,0,0.3
6-May-85,5:04,0,0,0,0.3,0,0.3
6-May-85,5:05,0,0,0,0.3,0,0.3
6-May-85,5:06,0,0,0,0.3,0,0.3
6-May-85,5:07,0,0,0,0.3,0,0.3
6-May-85,5:08,0,0,0,0.3,0,0.3
6-May-85,5:09,0,0,0,0.3,0,0.3
6-May-85,5:10,0,0,0,0.3,0,0.3
6-May-85,5:11,0,0,0,0.3,0,0.3
6-May-85,5:12,0,0,0,0.3,0,0.3
6-May-85,5:13,0,0,0,0.3,0,0.3
6-May-85,5:14,0,0,0,0.3,0,0.3
6-May-85,5:15,0,0,0,0.3,0,0.3
6-May-85,5:16,0,0,0,0.3,0,0.3
6-May-85,5:17,0,0,0,0.3,0,0.3
6-May-85,5:18,0,0,0,0.3,0,0.3
6-May-85,5:19,0,0,0,0.3,0,0.3
6-May-85,5:20,0,0,0,0.3,0,0.3
6-May-85,5:21,0,0,0,0.3,0,0.3
6-May-85,5:22,0,0,0,0.3,0,0.3
6-May-85,5:23,0,0,0,0.3,0,0.3
6-May-85,5:24,0,0,0,0.3,0,0.3
6-May-85,5:25,0,0,0,0.3,0,0.3
6-May-85,5:26,0,0,0,0.3,0,0.3
6-May-85,5:27,0,0,0,0.3,0,0.3
6-May-85,5:28,0,0,0,0.3,0,0.3
6-May-85,5:29,0,0,0,0.3,0,0.3
6-May-85,5:30,0,0,0,0.3,0,0.3
6-May-85,5:31,0,0,0,0.3,0,0.3
6-May-85,5:32,0,0,0,0.3,0,0.3
6-May-85,5:33,0,0,0,0.3,0,0.3
6-May-85,5:34,0,0,0,0.3,0,0.3
6-May-85,5:35,0,0,0,0.3,0,0.3
6-May-85,5:36,0,0,0,0.3,0,0.3
6-May-85,5:37,0,0,0,0.3,0,0.3
6-May-85,5:38,0,0,0,0.4,0,0.4
6-May-85,5:39,0,0,0,0.4,0,0.4
6-May-85,5:40,0,0,0,0.4,0,0.4
6-May-85,5:41,0,0,0,0.4,0,0.4
6-May-85,5:42,0,0,0,0.4,0,0.4
6-May-85,5:43,0,0,0,0.4,0,0.4
6-May-85,5:44,0,0,0,0.4,0,0.4
6-May-85,5:45,0,0,0,0.4,0,0.4
6-May-85,5:46,0,0,0,0.4,0,0.4
6-May-85,5:47,0,0,0,0.4,0,0.4
6-May-85,5:48,0,0,0,0.4,0,0.4
6-May-85,5:49,0,0,0,0.4,0,0.4
6-May-85,5:50,0,0,0,0.4,0,0.4
6-May-85,5:51,0,0,0,0.4,0,0.4
6-May-85,5:52,0,0,0,0.4,0,0.4
6-May-85,5:53,0,0,0,0.4,0,0.4
6-May-85,5:54,0,0,0,0.4,0,0.4
6-May-85,5:55,0,0,0,0.4,0,0.4
6-May-85,5:56,0,0,0,0.4,0,0.4
6-May-85,5:57,0,0,0,0.4,0,0.4
6-May-85,5:58,0,0,0,0.4,0,0.4
6-May-85,5:59,0,0,0,0.4,0,0.4
6-May-85,6:00,0,0,0,0.4,0,0.4
6-May-85,6:01,0,0,0,0.4,0,0.4
6-May-85,6:02,0,0,0,0.4,0,0.4
6-May-85,6:03,0,0,0,0.4,0,0.4
6-May-85,6:04,0,0,0,0.4,0,0.4
6-May-85,6:05,0,0,0,0.4,0,0.4
6-May-85,6:06,0,0,0,0.4,0,0.4
6-May-85,6:07,0,0,0,0.4,0,0.4
6-May-85,6:08,0,0,0,0.5,0,0.5
6-May-85,6:09,0,0,0,0.5,0,0.5
6-May-85,6:10,0,0,0,0.5,0,0.5
6-May-85,6:11,0,0,0,0.5,0,0.5
6-May-85,6:12,0,0,0,0.5,0,0.5
6-May-85,6:13,0,0,0,0.5,0,0.5
6-May-85,6:14,0,0,0,0.5,0,0.5
6-May-85,6:15,0,0,0,0.5,0,0.5
6-May-85,6:16,0,0,0,0.5,0,0.5
6-May-85,6:17,0,0,0,0.5,0,0.5
6-May-85,6:18,0,0,0,0.5,0,0.5
6-May-85,6:19,0,0,0,0.5,0,0.5
6-May-85,6:20,0,0,0,0.6,0,0.6
6-May-85,6:21,0,0,0,0.6,0,0.6
6-May-85,6:22,0,0,0,0.6,0,0.6
6-May-85,6:23,0,0,0,0.6,0,0.6
6-May-85,6:24,0,0,0,0.6,0,0.6
6-May-85,6:25,0,0,0,0.6,0,0.6
6-May-85,6:26,0,0,0,0.6,0,0.6
6-May-85,6:27,0,0,0,0.6,0,0.6
6-May-85,6:28,0,0,0,0.6,0,0.6
6-May-85,6:29,0,0,0,0.6,0,0.6
6-May-85,6:30,0,0,0,0.6,0,0.6
6-May-85,6:31,0,0,0,0.6,0,0.6
6-May-85,6:32,0,0,0,0.6,0,0.6
6-May-85,6:33,0,0,0,0.6,0,0.6
6-May-85,6:34,0,0,0,0.6,0,0.6
6-May-85,6:35,0,0,0,0.6,0,0.6
6-May-85,6:36,0,0,0,0.7,0,0.7
6-May-85,6:37,0,0,0,0.7,0,0.7
6-May-85,6:38,0,0,0,0.7,0,0.7
6-May-85,6:39,0,0,0,0.7,0,0.7
6-May-85,6:40,0,0,0,0.7,0,0.7
6-May-85,6:41,0,0,0,0.7,0,0.7
6-May-85,6:42,0,0,0,0.7,0,0.7
6-May-85,6:43,0,0,0,0.7,0,0.7
6-May-85,6:44,0,0,0,0.7,0,0.7
6-May-85,6:45,0,0,0,0.7,0,0.7
6-May-85,6:46,0,0,0,0.7,0,0.7
6-May-85,6:47,0,0,0,0.7,0,0.7
6-May-85,6:48,0,0,0,0.7,0,0.7
6-May-85,6:49,0,0,0,0.7,0,0.7
6-May-85,6:50,0,0,0,0.7,0,0.7
6-May-85,6:51,0,0,0,0.7,0,0.7
6-May-85,6:52,0,0,0,0.7,0,0.7
6-May-85,6:53,0,0,0,0.7,0,0.7
6-May-85,6:54,0,0,0,0.7,0,0.7
6-May-85,6:55,0,0,0,0.8,0,0.8
6-May-85,6:56,0,0,0,0.8,0,0.8
6-May-85,6:57,0,0,0,0.8,0,0.8
6-May-85,6:58,0,0,0,0.8,0,0.8
6-May-85,6:59,0,0,0,0.8,0,0.8
6-May-85,7:00,0,0,0,0.8,0,0.8
6-May-85,7:01,0,0,0,0.8,0,0.8
6-May-85,7:02,0,0,0,0.8,0,0.8
6-May-85,7:03,0,0,0,0.8,0,0.8
6-May-85,7:04,0,0,0,0.8,0,0.8
6-May-85,7:05,0,0,0,0.8,0,0.8
6-May-85,7:06,0,0,0,0.8,0,0.8
6-May-85,7:07,0,0,0,0.8,0,0.8
6-May-85,7:08,0,0,0,0.8,0,0.8
6-May-85,7:09,0,0,0,0.8,0,0.8
6-May-85,7:10,0,0,0,0.8,0,0.8
6-May-85,7:11,0,0,0,0.8,0,0.8
6-May-85,7:12,0,0,0,0.8,0,0.8
6-May-85,7:13,0,0,0,0.8,0,0.8
6-May-85,7:14,0,0,0,0.8,0,0.8
6-May-85,7:15,0,0,0,0.9,0,0.9
6-May-85,7:16,0,0,0,0.9,0,0.9
6-May-85,7:17,0,0,0,0.9,0,0.9
6-May-85,7:18,0,0,0,0.9,0,0.9
6-May-85,7:19,0,0,0,0.9,0,0.9
6-May-85,7:20,0,0,0,0.9,0,0.9
6-May-85,7:21,0,0,0,0.9,0,0.9
6-May-85,7:22,0,0,0,0.9,0,0.9
6-May-85,7:23,0,0,0,0.9,0,0.9
6-May-85,7:24,0,0,0,0.9,0,0.9
6-May-85,7:25,0,0,0,0.9,0,0.9
6-May-85,7:26,0,0,0,0.9,0,0.9
6-May-85,7:27,0,0,0,0.9,0,0.9
6-May-85,7:28,0,0,0,0.9,0,0.9
6-May-85,7:29,0,0,0,0.9,0,0.9
6-May-85,7:30,0,0,0,0.9,0,0.9
6-May-85,7:31,0,0,0,0.9,0,0.9
6-May-85,7:32,0,0,0,0.9,0,0.9
6-May-85,7:33,0,0,0,1,0,1
6-May-85,7:34,0,0,0,1,0,1
6-May-85,7:35,0,0,0,1,0,1
6-May-85,7:36,0,0,0,1,0,1
6-May-85,7:37,0,0,0,1,0,1
6-May-85,7:38,0,0,0,1,0,1
6-May-85,7:39,0,0,0,1,0,1
6-May-85,7:40,0,0,0,1,0,1
6-May-85,7:41,0,0,0,1,0,1
6-May-85,7:42,0,0,0,1,0,1
6-May-85,7:43,0,0,0,1,0,1
6-May-85,7:44,0,0,0,1,0,1
6-May-85,7:45,0,0,0,1,0,1
6-May-85,7:46,0,0,0,1,0,1
6-May-85,7:47,0,0,0,1,0,1
6-May-85,7:48,0,0,0,1,0,1
6-May-85,7:49,0,0,0,1,0,1
6-May-85,7:50,0,0,0,1.1,0,1.1
6-May-85,7:51,0,0,0,1.1,0,1.1
6-May-85,7:52,0,0,0,1.1,0,1.1
6-May-85,7:53,0,0,0,1.1,0,1.1
6-May-85,7:54,0,0,0,1.1,0,1.1
6-May-85,7:55,0,0,0,1.1,0,1.1
6-May-85,7:56,0,0,0,1.1,0,1.1
6-May-85,7:57,0,0,0,1.1,0,1.1
6-May-85,7:58,0,0,0,1.1,0,1.1
6-May-85,7:59,0,0,0,1.1,0,1.1
6-May-85,8:00,0,0,0,1.1,0,1.1
6-May-85,8:01,0,0,0,1.1,0,1.1
6-May-85,8:02,0,0,0,1.1,0,1.1
6-May-85,8:03,0,0,0,1.1,0,1.1
6-May-85,8:04,0,0,0,1.1,0,1.1
6-May-85,8:05,0,0,0,1.1,0,1.1
6-May-85,8:06,0,0,0,1.2,0,1.2
6-May-85,8:07,0,0,0,1.2,0,1.2
6-May-85,8:08,0,0,0,1.2,0,1.2
6-May-85,8:09,0,0,0,1.2,0,1.2
6-May-85,8:10,0,0,0,1.2,0,1.2
6-May-85,8:11,0,0,0,1.2,0,1.2
6-May-85,8:12,0,0,0,1.2,0,1.2
6-May-85,8:13,0,0,0,1.2,0,1.2
6-May-85,8:14,0,0,0,1.2,0,1.2
6-May-85,8:15,0,0,0,1.2,0,1.2
6-May-85,8:16,0,0,0,1.2,0,1.2
6-May-85,8:17,0,0,0,1.2,0,1.2
6-May-85,8:18,0,0,0,1.2,0,1.2
6-May-85,8:19,0,0,0,1.2,0,1.2
6-May-85,8:20,0,0,0,1.3,0,1.3
6-May-85,8:21,0,0,0,1.3,0,1.3
6-May-85,8:22,0,0,0,1.3,0,1.3
6-May-85,8:23,0,0,0,1.3,0,1.3
6-May-85,8:24,0,0,0,1.3,0,1.3
6-May-85,8:25,0,0,0,1.3,0,1.3
6-May-85,8:26,0,0,0,1.3,0,1.3
6-May-85,8:27,0,0,0,1.3,0,1.3
6-May-85,8:28,0,0,0,1.3,0,1.3
6-May-85,8:29,0,0,0,1.3,0,1.3
6-May-85,8:30,0,0,0,1.3,0,1.3
6-May-85,8:31,0,0,0,1.3,0,1.3
6-May-85,8:32,0,0,0,1.3,0,1.3
6-May-85,8:33,0,0,0,1.3,0,1.3
6-May-85,8:34,0,0,0,1.4,0,1.4
6-May-85,8:35,0,0,0,1.4,0,1.4
6-May-85,8:36,0,0,0,1.4,0,1.4
6-May-85,8:37,0,0,0,1.4,0,1.4
6-May-85,8:38,0,0,0,1.4,0,1.4
6-May-85,8:39,0,0,0,1.4,0,1.4
6-May-85,8:40,0,0,0,1.4,0,1.4
6-May-85,8:41,0,0,0,1.4,0,1.4
6-May-85,8:42,0,0,0,1.4,0,1.4
6-May-85,8:43,0,0,0,1.4,0,1.4
6-May-85,8:44,0,0,0,1.4,0,1.4
6-May-85,8:45,0,0,0,1.4,0,1.4
6-May-85,8:46,0,0,0,1.5,0,1.5
6-May-85,8:47,0,0,0,1.5,0,1.5
6-May-85,8:48,0,0,0,1.5,0,1.5
6-May-85,8:49,0,0,0,1.5,0,1.5
6-May-85,8:50,0,0,0,1.5,0,1.5
6-May-85,8:51,0,0,0,1.5,0,1.5
6-May-85,8:52,0,0,0,1.5,0,1.5
6-May-85,8:53,0,0,0,1.5,0,1.5
6-May-85,8:54,0,0,0,1.5,0,1.5
6-May-85,8:55,0,0,0,1.5,0,1.5
6-May-85,8:56,0,0,0,1.5,0,1.5
6-May-85,8:57,0,0,0,1.6,0,1.6
6-May-85,8:58,0,0,0,1.6,0,1.6
6-May-85,8:59,0,0,0,1.6,0,1.6
6-May-85,9:00,0,0,0,1.6,0,1.6
6-May-85,9:01,0,0,0,1.6,0,1.6
6-May-85,9:02,0,0,0,1.6,0,1.6
6-May-85,9:03,0,0,0,1.6,0,1.6
6-May-85,9:04,0,0,0,1.6,0,1.6
6-May-85,9:05,0,0,0,1.6,0,1.6
6-May-85,9:06,0,0,0,1.6,0,1.6
6-May-85,9:07,0,0,0,1.7,0,1.7
6-May-85,9:08,0,0,0,1.7,0,1.7
6-May-85,9:09,0,0,0,1.7,0,1.7
6-May-85,9:10,0,0,0,1.7,0,1.7
6-May-85,9:11,0,0,0,1.7,0,1.7
6-May-85,9:12,0,0,0,1.7,0,1.7
6-May-85,9:13,0,0,0,1.7,0,1.7
6-May-85,9:14,0,0,0,1.7,0,1.7
6-May-85,9:15,0,0,0,1.7,0,1.7
6-May-85,9:16,0,0,0,1.8,0,1.8
6-May-85,9:17,0,0,0,1.8,0,1.8
6-May-85,9:18,0,0,0,1.8,0,1.8
6-May-85,9:19,0,0,0,1.8,0,1.8
6-May-85,9:20,0,0,0,1.8,0,1.8
6-May-85,9:21,0,0,0,1.8,0,1.8
6-May-85,9:22,0,0,0,1.8,0,1.8
6-May-85,9:23,0,0,0,1.8,0,1.8
6-May-85,9:24,0,0,0,1.9,0,1.9
6-May-85,9:25,0.01,0,0,1.9,0,1.9
6-May-85,9:26,0.01,0,0,1.9,0,1.9
6-May-85,9:27,0.01,0,0,1.9,0,1.9
6-May-85,9:28,0.01,0,0,1.9,0,1.9
6-May-85,9:29,0.01,0,0,1.9,0,1.9
6-May-85,9:30,0.01,0,0,1.9,0,1.9
6-May-85,9:31,0.01,0,0,1.9,0,1.9
6-May-85,9:32,0.01,0,0,2,0,2
6-May-85,9:33,0.01,0,0,2,0,2
6-May-85,9:34,0.01,0,0,2,0,2
6-May-85,9:35,0.01,0,0,2,0,2
6-May-85,9:36,0.01,0,0,2,0,2
6-May-85,9:37,0.01,0,0,2,0,2
6-May-85,9:38,0.01,0,0,2,0,2
6-May-85,9:39,0.01,0,0,2.1,0,2.1
6-May-85,9:40,0.01,0,0,2.1,0,2.1
6-May-85,9:41,0.01,0,0,2.1,0,2.1
6-May-85,9:42,0.01,0,0,2.1,0,2.1
6-May-85,9:43,0.01,0,0,2.1,0,2.1
6-May-85,9:44,0.01,0,0,2.1,0,2.1
6-May-85,9:45,0.01,0,0,2.1,0,2.1
6-May-85,9:46,0.01,0,0,2.2,0,2.2
6-May-85,9:47,0.01,0,0,2.2,0,2.2
6-May-85,9:48,0.01,0,0,2.2,0,2.2
6-May-85,9:49,0.01,0,0,2.2,0,2.2
6-May-85,9:50,0.01,0,0,2.2,0,2.2
6-May-85,9:51,0.01,0,0,2.2,0,2.2
6-May-85,9:52,0.01,0,0,2.2,0,2.2
6-May-85,9:53,0.01,0,0,2.3,0,2.3
6-May-85,9:54,0.01,0,0,2.3,0,2.3
6-May-85,9:55,0.01,0,0,2.3,0,2.3
6-May-85,9:56,0.01,0,0,2.3,0,2.3
6-May-85,9:57,0.01,0,0,2.3,0,2.3
6-May-85,9:58,0.01,0,0,2.3,0,2.3
6-May-85,9:59,0.01,0,0,2.4,0,2.4
6-May-85,10:00,0.01,0,0,2.4,0,2.4
6-May-85,10:01,0.01,0,0,2.4,0,2.4
6-May-85,10:02,0.01,0,0,2.4,0,2.4
6-May-85,10:03,0.01,0,0,2.4,0,2.4
6-May-85,10:04,0.01,0,0,2.4,0,2.4
6-May-85,10:05,0.01,0,0,2.5,0,2.5
6-May-85,10:06,0.01,0,0,2.5,0,2.5
6-May-85,10:07,0.01,0,0,2.5,0,2.5
6-May-85,10:08,0.01,0,0,2.5,0,2.5
6-May-85,10:09,0.01,0,0,2.5,0,2.5
6-May-85,10:10,0.01,0,0,2.6,0,2.6
6-May-85,10:11,0.01,0,0,2.6,0,2.6
6-May-85,10:12,0.01,0,0,2.6,0,2.6
6-May-85,10:13,0.01,0,0.01,2.6,0,2.6
6-May-85,10:14,0.01,0,0.01,2.6,0,2.6
6-May-85,10:15,0.01,0,0.01,2.7,0,2.7
6-May-85,10:16,0.01,0,0.01,2.7,0,2.7
6-May-85,10:17,0.01,0,0.01,2.7,0,2.7
6-May-85,10:18,0.01,0,0.01,2.7,0,2.7
6-May-85,10:19,0.01,0,0.01,2.7,0,2.7
6-May-85,10:20,0.01,0,0.01,2.8,0,2.8
6-May-85,10:21,0.01,0,0.01,2.8,0,2.8
6-May-85,10:22,0.01,0,0.01,2.8,0,2.8
6-May-85,10:23,0.01,0,0.01,2.8,0,2.8
6-May-85,10:24,0.01,0,0.01,2.9,0,2.9
6-May-85,10:25,0.01,0,0.01,2.9,0,2.9
6-May-85,10:26,0.01,0,0.01,2.9,0,2.9
6-May-85,10:27,0.01,0,0.01,2.9,0,2.9
6-May-85,10:28,0.01,0,0.01,3,0,3
6-May-85,10:29,0.01,0,0.01,3,0,3
6-May-85,10:30,0.01,0,0.01,3,0,3
6-May-85,10:31,0.01,0,0.01,3,0,3
6-May-85,10:32,0.01,0,0.01,3.1,0,3.1
6-May-85,10:33,0.01,0,0.01,3.1,0,3.1
6-May-85,10:34,0.01,0,0.01,3.1,0,3.1
6-May-85,10:35,0.01,0,0.01,3.2,0,3.2
6-May-85,10:36,0.01,0,0.01,3.2,0,3.2
6-May-85,10:37,0.01,0,0.01,3.2,0,3.2
6-May-85,10:38,0.01,0,0.01,3.3,0,3.3
6-May-85,10:39,0.01,0,0.01,3.3,0,3.3
6-May-85,10:40,0.01,0,0.01,3.4,0,3.4
6-May-85,10:41,0.01,0,0.01,3.5,0,3.5
6-May-85,10:42,0.01,0,0.01,3.5,0,3.5
6-May-85,10:43,0.01,0,0.01,3.6,0,3.6
6-May-85,10:44,0.01,0,0.01,3.7,0,3.7
6-May-85,10:45,0.01,0,0.01,3.7,0,3.7
6-May-85,10:46,0.01,0,0.01,3.8,0,3.8
6-May-85,10:47,0.01,0,0.01,3.9,0,3.9
6-May-85,10:48,0.01,0,0.01,3.9,0,3.9
6-May-85,10:49,0.01,0,0.01,4,0,4
6-May-85,10:50,0.01,0,0.01,4.1,0,4.1
6-May-85,10:51,0.01,0,0.01,4.1,0,4.1
6-May-85,10:52,0.01,0,0.01,4.2,0,4.2
6-May-85,10:53,0.01,0,0.01,4.3,0,4.3
6-May-85,10:54,0.01,0,0.01,4.3,0,4.3
6-May-85,10:55,0.01,0,0.01,4.4,0,4.4
6-May-85,10:56,0.01,0,0.01,4.5,0,4.5
6-May-85,10:57,0.01,0,0.01,4.5,0,4.5
6-May-85,10:58,0.01,0,0.01,4.6,0,4.6
6-May-85,10:59,0.01,0,0.01,4.6,0,4.6
6-May-85,11:00,0.01,0,0.01,4.7,0,4.7
6-May-85,11:01,0.01,0,0.01,4.8,0,4.8
6-May-85,11:02,0.01,0,0.01,4.8,0,4.8
6-May-85,11:03,0.01,0,0.01,4.9,0,4.9
6-May-85,11:04,0.01,0,0.01,5,0,5
6-May-85,11:05,0.01,0,0.01,5,0,5
6-May-85,11:06,0.01,0,0.01,5.1,0,5.1
6-May-85,11:07,0.01,0,0.01,5.2,0,5.2
6-May-85,11:08,0.01,0,0.01,5.2,0,5.2
6-May-85,11:09,0.01,0,0.01,5.3,0,5.3
6-May-85,11:10,0.01,0,0.01,5.4,0,5.4
6-May-85,11:11,0.01,0,0.01,5.5,0,5.5
6-May-85,11:12,0.01,0,0.01,5.6,0,5.6
6-May-85,11:13,0.01,0,0.01,5.7,0,5.7
6-May-85,11:14,0.02,0,0.01,5.8,0,5.8
6-May-85,11:15,0.02,0,0.01,5.9,0,5.9
6-May-85,11:16,0.02,0,0.01,6,0,6
6-May-85,11:17,0.02,0,0.01,6.1,0,6.1
6-May-85,11:18,0.02,0,0.01,6.2,0,6.2
6-May-85,11:19,0.02,0,0.01,6.3,0,6.3
6-May-85,11:20,0.02,0,0.01,6.4,0,6.4
6-May-85,11:21,0.02,0,0.01,6.5,0,6.5
6-May-85,11:22,0.02,0,0.01,6.6,0,6.6
6-May-85,11:23,0.02,0,0.01,6.7,0,6.7
6-May-85,11:24,0.02,0,0.02,6.8,0,6.8
6-May-85,11:25,0.02,0,0.02,6.9,0,6.9
6-May-85,11:26,0.02,0,0.02,7,0,7
6-May-85,11:27,0.02,0,0.02,7.1,0,7.1
6-May-85,11:28,0.02,0,0.02,7.3,0,7.3
6-May-85,11:29,0.02,0,0.02,7.4,0,7.4
6-May-85,11:30,0.02,0,0.02,7.5,0,7.5
6-May-85,11:31,0.03,0,0.02,7.6,0,7.6
6-May-85,11:32,0.03,0,0.02,7.8,0,7.8
6-May-85,11:33,0.03,0,0.02,7.9,0,7.9
6-May-85,11:34,0.03,0,0.02,8.1,0,8.1
6-May-85,11:35,0.03,0,0.03,8.3,0,8.3
6-May-85,11:36,0.03,0,0.03,8.5,0,8.5
6-May-85,11:37,0.03,0,0.03,8.7,0,8.7
6-May-85,11:38,0.03,0,0.03,9,0,9
6-May-85,11:39,0.03,0,0.03,9.3,0,9.3
6-May-85,11:40,0.03,0,0.03,9.6,0,9.6
6-May-85,11:41,0.03,0,0.03,9.9,0,9.9
6-May-85,11:42,0.03,0,0.03,10.3,0,10.3
6-May-85,11:43,0.04,0,0.03,10.7,0,10.7
6-May-85,11:44,0.04,0,0.03,11.1,0,11.1
6-May-85,11:45,0.04,0,0.03,11.5,0,11.5
6-May-85,11:46,0.05,0.01,0.05,11.9,0,11.9
6-May-85,11:47,0.06,0.01,0.05,12.4,0,12.4
6-May-85,11:48,0.06,0.01,0.05,12.9,0,12.9
6-May-85,11:49,0.06,0.01,0.05,13.4,0,13.4
6-May-85,11:50,0.06,0.01,0.06,14,0,14
6-May-85,11:51,0.06,0.01,0.06,14.6,0,14.6
6-May-85,11:52,0.07,0.01,0.06,15.3,0,15.3
6-May-85,11:53,0.07,0.01,0.07,16,0,16
6-May-85,11:54,0.08,0.01,0.08,16.9,0,16.9
6-May-85,11:55,0.09,0.01,0.08,17.8,0,17.8
6-May-85,11:56,0.12,0.01,0.11,18.8,0,18.8
6-May-85,11:57,0.12,0.01,0.12,20,0,20
6-May-85,11:58,0.13,0.01,0.12,21.2,0,21.2
6-May-85,11:59,0.17,0.01,0.16,22.7,0,22.7
6-May-85,12:00,0.17,0.01,0.16,24.3,0,24.3
6-May-85,12:01,0.17,0.01,0.16,26.2,0,26.2
6-May-85,12:02,0.17,0.01,0.17,28.3,0,28.3
6-May-85,12:03,0.17,0.01,0.17,30.6,0,30.6
6-May-85,12:04,0.13,0.01,0.12,33.3,0,33.3
6-May-85,12:05,0.12,0.01,0.12,36.1,0,36.1
6-May-85,12:06,0.09,0,0.09,39.1,0,39.1
6-May-85,12:07,0.09,0,0.08,42.2,0,42.2
6-May-85,12:08,0.08,0,0.08,45.3,0,45.3
6-May-85,12:09,0.07,0,0.07,48.3,0,48.3
6-May-85,12:10,0.07,0,0.06,51.1,0,51.1
6-May-85,12:11,0.06,0,0.06,53.5,0,53.5
6-May-85,12:12,0.06,0,0.06,55.6,0,55.6
6-May-85,12:13,0.06,0,0.06,57.2,0,57.2
6-May-85,12:14,0.06,0,0.05,58.3,0,58.3
6-May-85,12:15,0.05,0,0.05,59,0,59
6-May-85,12:16,0.04,0,0.04,59.2,0,59.2
6-May-85,12:17,0.04,0,0.04,58.9,0,58.9
6-May-85,12:18,0.04,0,0.04,58.3,0,58.3
6-May-85,12:19,0.04,0,0.03,57.3,0,57.3
6-May-85,12:20,0.03,0,0.03,56,0,56
6-May-85,12:21,0.03,0,0.03,54.4,0,54.4
6-May-85,12:22,0.03,0,0.03,52.7,0,52.7
6-May-85,12:23,0.03,0,0.03,50.7,0,50.7
6-May-85,12:24,0.03,0,0.03,48.7,0,48.7
6-May-85,12:25,0.03,0,0.03,46.6,0,46.6
6-May-85,12:26,0.03,0,0.03,44.5,0,44.5
6-May-85,12:27,0.03,0,0.03,42.5,0,42.5
6-May-85,12:28,0.03,0,0.03,40.5,0,40.5
6-May-85,12:29,0.03,0,0.03,38.6,0,38.6
6-May-85,12:30,0.03,0,0.03,36.8,0,36.8
6-May-85,12:31,0.02,0,0.02,35.1,0,35.1
6-May-85,12:32,0.02,0,0.02,33.5,0,33.5
6-May-85,12:33,0.02,0,0.02,32,0,32
6-May-85,12:34,0.02,0,0.02,30.5,0,30.5
6-May-85,12:35,0.02,0,0.02,29.1,0,29.1
6-May-85,12:36,0.02,0,0.02,27.8,0,27.8
6-May-85,12:37,0.02,0,0.02,26.6,0,26.6
6-May-85,12:38,0.02,0,0.02,25.4,0,25.4
6-May-85,12:39,0.02,0,0.02,24.2,0,24.2
6-May-85,12:40,0.02,0,0.02,23.2,0,23.2
6-May-85,12:41,0.02,0,0.02,22.2,0,22.2
6-May-85,12:42,0.02,0,0.02,21.2,0,21.2
6-May-85,12:43,0.02,0,0.02,20.3,0,20.3
6-May-85,12:44,0.02,0,0.02,19.4,0,19.4
6-May-85,12:45,0.02,0,0.02,18.6,0,18.6
6-May-85,12:46,0.02,0,0.02,17.8,0,17.8
6-May-85,12:47,0.02,0,0.01,17.1,0,17.1
6-May-85,12:48,0.01,0,0.01,16.4,0,16.4
6-May-85,12:49,0.01,0,0.01,15.7,0,15.7
6-May-85,12:50,0.01,0,0.01,15.1,0,15.1
6-May-85,12:51,0.01,0,0.01,14.6,0,14.6
6-May-85,12:52,0.01,0,0.01,14.1,0,14.1
6-May-85,12:53,0.01,0,0.01,13.6,0,13.6
6-May-85,12:54,0.01,0,0.01,13.1,0,13.1
6-May-85,12:55,0.01,0,0.01,12.7,0,12.7
6-May-85,12:56,0.01,0,0.01,12.3,0,12.3
6-May-85,12:57,0.01,0,0.01,12,0,12
6-May-85,12:58,0.01,0,0.01,11.6,0,11.6
6-May-85,12:59,0.01,0,0.01,11.3,0,11.3
6-May-85,13:00,0.01,0,0.01,11,0,11
6-May-85,13:01,0.01,0,0.01,10.7,0,10.7
6-May-85,13:02,0.01,0,0.01,10.5,0,10.5
6-May-85,13:03,0.01,0,0.01,10.2,0,10.2
6-May-85,13:04,0.01,0,0.01,10,0,10
6-May-85,13:05,0.01,0,0.01,9.8,0,9.8
6-May-85,13:06,0.01,0,0.01,9.6,0,9.6
6-May-85,13:07,0.01,0,0.01,9.4,0,9.4
6-May-85,13:08,0.01,0,0.01,9.2,0,9.2
6-May-85,13:09,0.01,0,0.01,9,0,9
6-May-85,13:10,0.01,0,0.01,8.8,0,8.8
6-May-85,13:11,0.01,0,0.01,8.6,0,8.6
6-May-85,13:12,0.01,0,0.01,8.4,0,8.4
6-May-85,13:13,0.01,0,0.01,8.3,0,8.3
6-May-85,13:14,0.01,0,0.01,8.1,0,8.1
6-May-85,13:15,0.01,0,0.01,8,0,8
6-May-85,13:16,0.01,0,0.01,7.8,0,7.8
6-May-85,13:17,0.01,0,0.01,7.7,0,7.7
6-May-85,13:18,0.01,0,0.01,7.5,0,7.5
6-May-85,13:19,0.01,0,0.01,7.4,0,7.4
6-May-85,13:20,0.01,0,0.01,7.3,0,7.3
6-May-85,13:21,0.01,0,0.01,7.2,0,7.2
6-May-85,13:22,0.01,0,0.01,7.1,0,7.1
6-May-85,13:23,0.01,0,0.01,7,0,7
6-May-85,13:24,0.01,0,0.01,6.9,0,6.9
6-May-85,13:25,0.01,0,0.01,6.8,0,6.8
6-May-85,13:26,0.01,0,0.01,6.7,0,6.7
6-May-85,13:27,0.01,0,0.01,6.6,0,6.6
6-May-85,13:28,0.01,0,0.01,6.5,0,6.5
6-May-85,13:29,0.01,0,0.01,6.5,0,6.5
6-May-85,13:30,0.01,0,0.01,6.4,0,6.4
6-May-85,13:31,0.01,0,0.01,6.3,0,6.3
6-May-85,13:32,0.01,0,0.01,6.2,0,6.2
6-May-85,13:33,0.01,0,0.01,6.2,0,6.2
6-May-85,13:34,0.01,0,0.01,6.1,0,6.1
6-May-85,13:35,0.01,0,0.01,6,0,6
6-May-85,13:36,0.01,0,0.01,5.9,0,5.9
6-May-85,13:37,0.01,0,0.01,5.9,0,5.9
6-May-85,13:38,0.01,0,0.01,5.8,0,5.8
6-May-85,13:39,0.01,0,0.01,5.7,0,5.7
6-May-85,13:40,0.01,0,0.01,5.6,0,5.6
6-May-85,13:41,0.01,0,0.01,5.5,0,5.5
6-May-85,13:42,0.01,0,0.01,5.4,0,5.4
6-May-85,13:43,0.01,0,0.01,5.3,0,5.3
6-May-85,13:44,0.01,0,0.01,5.3,0,5.3
6-May-85,13:45,0.01,0,0.01,5.2,0,5.2
6-May-85,13:46,0.01,0,0.01,5.1,0,5.1
6-May-85,13:47,0.01,0,0.01,5,0,5
6-May-85,13:48,0.01,0,0.01,4.9,0,4.9
6-May-85,13:49,0.01,0,0.01,4.8,0,4.8
6-May-85,13:50,0.01,0,0.01,4.8,0,4.8
6-May-85,13:51,0.01,0,0.01,4.7,0,4.7
6-May-85,13:52,0.01,0,0.01,4.6,0,4.6
6-May-85,13:53,0.01,0,0.01,4.6,0,4.6
6-May-85,13:54,0.01,0,0.01,4.5,0,4.5
6-May-85,13:55,0.01,0,0.01,4.4,0,4.4
6-May-85,13:56,0.01,0,0.01,4.4,0,4.4
6-May-85,13:57,0.01,0,0.01,4.3,0,4.3
6-May-85,13:58,0.01,0,0.01,4.3,0,4.3
6-May-85,13:59,0.01,0,0.01,4.2,0,4.2
6-May-85,14:00,0.01,0,0.01,4.2,0,4.2
6-May-85,14:01,0.01,0,0.01,4.2,0,4.2
6-May-85,14:02,0.01,0,0.01,4.1,0,4.1
6-May-85,14:03,0.01,0,0.01,4.1,0,4.1
6-May-85,14:04,0.01,0,0.01,4,0,4
6-May-85,14:05,0.01,0,0.01,4,0,4
6-May-85,14:06,0.01,0,0.01,4,0,4
6-May-85,14:07,0.01,0,0.01,3.9,0,3.9
6-May-85,14:08,0.01,0,0.01,3.9,0,3.9
6-May-85,14:09,0.01,0,0.01,3.9,0,3.9
6-May-85,14:10,0.01,0,0.01,3.8,0,3.8
6-May-85,14:11,0.01,0,0.01,3.8,0,3.8
6-May-85,14:12,0.01,0,0.01,3.8,0,3.8
6-May-85,14:13,0.01,0,0.01,3.8,0,3.8
6-May-85,14:14,0.01,0,0.01,3.7,0,3.7
6-May-85,14:15,0.01,0,0.01,3.7,0,3.7
6-May-85,14:16,0.01,0,0.01,3.7,0,3.7
6-May-85,14:17,0.01,0,0.01,3.6,0,3.6
6-May-85,14:18,0.01,0,0.01,3.6,0,3.6
6-May-85,14:19,0.01,0,0.01,3.6,0,3.6
6-May-85,14:20,0.01,0,0.01,3.6,0,3.6
6-May-85,14:21,0.01,0,0.01,3.5,0,3.5
6-May-85,14:22,0.01,0,0.01,3.5,0,3.5
6-May-85,14:23,0.01,0,0.01,3.5,0,3.5
6-May-85,14:24,0.01,0,0.01,3.5,0,3.5
6-May-85,14:25,0.01,0,0.01,3.5,0,3.5
6-May-85,14:26,0.01,0,0.01,3.4,0,3.4
6-May-85,14:27,0.01,0,0.01,3.4,0,3.4
6-May-85,14:28,0.01,0,0.01,3.4,0,3.4
6-May-85,14:29,0.01,0,0.01,3.4,0,3.4
6-May-85,14:30,0.01,0,0.01,3.4,0,3.4
6-May-85,14:31,0.01,0,0.01,3.3,0,3.3
6-May-85,14:32,0.01,0,0.01,3.3,0,3.3
6-May-85,14:33,0.01,0,0,3.3,0,3.3
6-May-85,14:34,0.01,0,0,3.3,0,3.3
6-May-85,14:35,0.01,0,0,3.3,0,3.3
6-May-85,14:36,0.01,0,0,3.2,0,3.2
6-May-85,14:37,0.01,0,0,3.2,0,3.2
6-May-85,14:38,0,0,0,3.2,0,3.2
6-May-85,14:39,0,0,0,3.2,0,3.2
6-May-85,14:40,0,0,0,3.2,0,3.2
6-May-85,14:41,0,0,0,3.2,0,3.2
6-May-85,14:42,0,0,0,3.1,0,3.1
6-May-85,14:43,0,0,0,3.1,0,3.1
6-May-85,14:44,0,0,0,3.1,0,3.1
6-May-85,14:45,0,0,0,3.1,0,3.1
6-May-85,14:46,0,0,0,3.1,0,3.1
6-May-85,14:47,0,0,0,3.1,0,3.1
6-May-85,14:48,0,0,0,3,0,3
6-May-85,14:49,0,0,0,3,0,3
6-May-85,14:50,0,0,0,3,0,3
6-May-85,14:51,0,0,0,3,0,3
6-May-85,14:52,0,0,0,3,0,3
6-May-85,14:53,0,0,0,3,0,3
6-May-85,14:54,0,0,0,3,0,3
6-May-85,14:55,0,0,0,2.9,0,2.9
6-May-85,14:56,0,0,0,2.9,0,2.9
6-May-85,14:57,0,0,0,2.9,0,2.9
6-May-85,14:58,0,0,0,2.9,0,2.9
6-May-85,14:59,0,0,0,2.9,0,2.9
6-May-85,15:00,0,0,0,2.9,0,2.9
6-May-85,15:01,0,0,0,2.9,0,2.9
6-May-85,15:02,0,0,0,2.8,0,2.8
6-May-85,15:03,0,0,0,2.8,0,2.8
6-May-85,15:04,0,0,0,2.8,0,2.8
6-May-85,15:05,0,0,0,2.8,0,2.8
6-May-85,15:06,0,0,0,2.8,0,2.8
6-May-85,15:07,0,0,0,2.8,0,2.8
6-May-85,15:08,0,0,0,2.8,0,2.8
6-May-85,15:09,0,0,0,2.8,0,2.8
6-May-85,15:10,0,0,0,2.7,0,2.7
6-May-85,15:11,0,0,0,2.7,0,2.7
6-May-85,15:12,0,0,0,2.7,0,2.7
6-May-85,15:13,0,0,0,2.7,0,2.7
6-May-85,15:14,0,0,0,2.7,0,2.7
6-May-85,15:15,0,0,0,2.7,0,2.7
6-May-85,15:16,0,0,0,2.7,0,2.7
6-May-85,15:17,0,0,0,2.6,0,2.6
6-May-85,15:18,0,0,0,2.6,0,2.6
6-May-85,15:19,0,0,0,2.6,0,2.6
6-May-85,15:20,0,0,0,2.6,0,2.6
6-May-85,15:21,0,0,0,2.6,0,2.6
6-May-85,15:22,0,0,0,2.6,0,2.6
6-May-85,15:23,0,0,0,2.6,0,2.6
6-May-85,15:24,0,0,0,2.6,0,2.6
6-May-85,15:25,0,0,0,2.5,0,2.5
6-May-85,15:26,0,0,0,2.5,0,2.5
6-May-85,15:27,0,0,0,2.5,0,2.5
6-May-85,15:28,0,0,0,2.5,0,2.5
6-May-85,15:29,0,0,0,2.5,0,2.5
6-May-85,15:30,0,0,0,2.5,0,2.5
6-May-85,15:31,0,0,0,2.5,0,2.5
6-May-85,15:32,0,0,0,2.5,0,2.5
6-May-85,15:33,0,0,0,2.5,0,2.5
6-May-85,15:34,0,0,0,2.4,0,2.4
6-May-85,15:35,0,0,0,2.4,0,2.4
6-May-85,15:36,0,0,0,2.4,0,2.4
6-May-85,15:37,0,0,0,2.4,0,2.4
6-May-85,15:38,0,0,0,2.4,0,2.4
6-May-85,15:39,0,0,0,2.4,0,2.4
6-May-85,15:40,0,0,0,2.4,0,2.4
6-May-85,15:41,0,0,0,2.4,0,2.4
6-May-85,15:42,0,0,0,2.4,0,2.4
6-May-85,15:43,0,0,0,2.4,0,2.4
6-May-85,15:44,0,0,0,2.4,0,2.4
6-May-85,15:45,0,0,0,2.3,0,2.3
6-May-85,15:46,0,0,0,2.3,0,2.3
6-May-85,15:47,0,0,0,2.3,0,2.3
6-May-85,15:48,0,0,0,2.3,0,2.3
6-May-85,15:49,0,0,0,2.3,0,2.3
6-May-85,15:50,0,0,0,2.3,0,2.3
6-May-85,15:51,0,0,0,2.3,0,2.3
6-May-85,15:52,0,0,0,2.3,0,2.3
6-May-85,15:53,0,0,0,2.3,0,2.3
6-May-85,15:54,0,0,0,2.3,0,2.3
6-May-85,15:55,0,0,0,2.3,0,2.3
6-May-85,15:56,0,0,0,2.3,0,2.3
6-May-85,15:57,0,0,0,2.2,0,2.2
6-May-85,15:58,0,0,0,2.2,0,2.2
6-May-85,15:59,0,0,0,2.2,0,2.2
6-May-85,16:00,0,0,0,2.2,0,2.2
6-May-85,16:01,0,0,0,2.2,0,2.2
6-May-85,16:02,0,0,0,2.2,0,2.2
6-May-85,16:03,0,0,0,2.2,0,2.2
6-May-85,16:04,0,0,0,2.2,0,2.2
6-May-85,16:05,0,0,0,2.2,0,2.2
6-May-85,16:06,0,0,0,2.2,0,2.2
6-May-85,16:07,0,0,0,2.2,0,2.2
6-May-85,16:08,0,0,0,2.2,0,2.2
6-May-85,16:09,0,0,0,2.2,0,2.2
6-May-85,16:10,0,0,0,2.1,0,2.1
6-May-85,16:11,0,0,0,2.1,0,2.1
6-May-85,16:12,0,0,0,2.1,0,2.1
6-May-85,16:13,0,0,0,2.1,0,2.1
6-May-85,16:14,0,0,0,2.1,0,2.1
6-May-85,16:15,0,0,0,2.1,0,2.1
6-May-85,16:16,0,0,0,2.1,0,2.1
6-May-85,16:17,0,0,0,2.1,0,2.1
6-May-85,16:18,0,0,0,2.1,0,2.1
6-May-85,16:19,0,0,0,2.1,0,2.1
6-May-85,16:20,0,0,0,2.1,0,2.1
6-May-85,16:21,0,0,0,2.1,0,2.1
6-May-85,16:22,0,0,0,2.1,0,2.1
6-May-85,16:23,0,0,0,2.1,0,2.1
6-May-85,16:24,0,0,0,2.1,0,2.1
6-May-85,16:25,0,0,0,2,0,2
6-May-85,16:26,0,0,0,2,0,2
6-May-85,16:27,0,0,0,2,0,2
6-May-85,16:28,0,0,0,2,0,2
6-May-85,16:29,0,0,0,2,0,2
6-May-85,16:30,0,0,0,2,0,2
6-May-85,16:31,0,0,0,2,0,2
6-May-85,16:32,0,0,0,2,0,2
6-May-85,16:33,0,0,0,2,0,2
6-May-85,16:34,0,0,0,2,0,2
6-May-85,16:35,0,0,0,2,0,2
6-May-85,16:36,0,0,0,2,0,2
6-May-85,16:37,0,0,0,2,0,2
6-May-85,16:38,0,0,0,2,0,2
6-May-85,16:39,0,0,0,2,0,2
6-May-85,16:40,0,0,0,2,0,2
6-May-85,16:41,0,0,0,2,0,2
6-May-85,16:42,0,0,0,1.9,0,1.9
6-May-85,16:43,0,0,0,1.9,0,1.9
6-May-85,16:44,0,0,0,1.9,0,1.9
6-May-85,16:45,0,0,0,1.9,0,1.9
6-May-85,16:46,0,0,0,1.9,0,1.9
6-May-85,16:47,0,0,0,1.9,0,1.9
6-May-85,16:48,0,0,0,1.9,0,1.9
6-May-85,16:49,0,0,0,1.9,0,1.9
6-May-85,16:50,0,0,0,1.9,0,1.9
6-May-85,16:51,0,0,0,1.9,0,1.9
6-May-85,16:52,0,0,0,1.9,0,1.9
6-May-85,16:53,0,0,0,1.9,0,1.9
6-May-85,16:54,0,0,0,1.9,0,1.9
6-May-85,16:55,0,0,0,1.9,0,1.9
6-May-85,16:56,0,0,0,1.9,0,1.9
6-May-85,16:57,0,0,0,1.9,0,1.9
6-May-85,16:58,0,0,0,1.9,0,1.9
6-May-85,16:59,0,0,0,1.9,0,1.9
6-May-85,17:00,0,0,0,1.9,0,1.9
6-May-85,17:01,0,0,0,1.8,0,1.8
6-May-85,17:02,0,0,0,1.8,0,1.8
6-May-85,17:03,0,0,0,1.8,0,1.8
6-May-85,17:04,0,0,0,1.8,0,1.8
6-May-85,17:05,0,0,0,1.8,0,1.8
6-May-85,17:06,0,0,0,1.8,0,1.8
6-May-85,17:07,0,0,0,1.8,0,1.8
6-May-85,17:08,0,0,0,1.8,0,1.8
6-May-85,17:09,0,0,0,1.8,0,1.8
6-May-85,17:10,0,0,0,1.8,0,1.8
6-May-85,17:11,0,0,0,1.8,0,1.8
6-May-85,17:12,0,0,0,1.8,0,1.8
6-May-85,17:13,0,0,0,1.8,0,1.8
6-May-85,17:14,0,0,0,1.8,0,1.8
6-May-85,17:15,0,0,0,1.8,0,1.8
6-May-85,17:16,0,0,0,1.8,0,1.8
6-May-85,17:17,0,0,0,1.8,0,1.8
6-May-85,17:18,0,0,0,1.8,0,1.8
6-May-85,17:19,0,0,0,1.8,0,1.8
6-May-85,17:20,0,0,0,1.8,0,1.8
6-May-85,17:21,0,0,0,1.8,0,1.8
6-May-85,17:22,0,0,0,1.8,0,1.8
6-May-85,17:23,0,0,0,1.7,0,1.7
6-May-85,17:24,0,0,0,1.7,0,1.7
6-May-85,17:25,0,0,0,1.7,0,1.7
6-May-85,17:26,0,0,0,1.7,0,1.7
6-May-85,17:27,0,0,0,1.7,0,1.7
6-May-85,17:28,0,0,0,1.7,0,1.7
6-May-85,17:29,0,0,0,1.7,0,1.7
6-May-85,17:30,0,0,0,1.7,0,1.7
6-May-85,17:31,0,0,0,1.7,0,1.7
6-May-85,17:32,0,0,0,1.7,0,1.7
6-May-85,17:33,0,0,0,1.7,0,1.7
6-May-85,17:34,0,0,0,1.7,0,1.7
6-May-85,17:35,0,0,0,1.7,0,1.7
6-May-85,17:36,0,0,0,1.7,0,1.7
6-May-85,17:37,0,0,0,1.7,0,1.7
6-May-85,17:38,0,0,0,1.7,0,1.7
6-May-85,17:39,0,0,0,1.7,0,1.7
6-May-85,17:40,0,0,0,1.7,0,1.7
6-May-85,17:41,0,0,0,1.7,0,1.7
6-May-85,17:42,0,0,0,1.7,0,1.7
6-May-85,17:43,0,0,0,1.7,0,1.7
6-May-85,17:44,0,0,0,1.7,0,1.7
6-May-85,17:45,0,0,0,1.7,0,1.7
6-May-85,17:46,0,0,0,1.7,0,1.7
6-May-85,17:47,0,0,0,1.7,0,1.7
6-May-85,17:48,0,0,0,1.6,0,1.6
6-May-85,17:49,0,0,0,1.6,0,1.6
6-May-85,17:50,0,0,0,1.6,0,1.6
6-May-85,17:51,0,0,0,1.6,0,1.6
6-May-85,17:52,0,0,0,1.6,0,1.6
6-May-85,17:53,0,0,0,1.6,0,1.6
6-May-85,17:54,0,0,0,1.6,0,1.6
6-May-85,17:55,0,0,0,1.6,0,1.6
6-May-85,17:56,0,0,0,1.6,0,1.6
6-May-85,17:57,0,0,0,1.6,0,1.6
6-May-85,17:58,0,0,0,1.6,0,1.6
6-May-85,17:59,0,0,0,1.6,0,1.6
6-May-85,18:00,0,0,0,1.6,0,1.6
6-May-85,18:01,0,0,0,1.6,0,1.6
6-May-85,18:02,0,0,0,1.6,0,1.6
6-May-85,18:03,0,0,0,1.6,0,1.6
6-May-85,18:04,0,0,0,1.6,0,1.6
6-May-85,18:05,0,0,0,1.6,0,1.6
6-May-85,18:06,0,0,0,1.6,0,1.6
6-May-85,18:07,0,0,0,1.6,0,1.6
6-May-85,18:08,0,0,0,1.6,0,1.6
6-May-85,18:09,0,0,0,1.5,0,1.5
6-May-85,18:10,0,0,0,1.5,0,1.5
6-May-85,18:11,0,0,0,1.5,0,1.5
6-May-85,18:12,0,0,0,1.5,0,1.5
6-May-85,18:13,0,0,0,1.5,0,1.5
6-May-85,18:14,0,0,0,1.5,0,1.5
6-May-85,18:15,0,0,0,1.4,0,1.4
6-May-85,18:16,0,0,0,1.4,0,1.4
6-May-85,18:17,0,0,0,1.4,0,1.4
6-May-85,18:18,0,0,0,1.4,0,1.4
6-May-85,18:19,0,0,0,1.4,0,1.4
6-May-85,18:20,0,0,0,1.4,0,1.4
6-May-85,18:21,0,0,0,1.3,0,1.3
6-May-85,18:22,0,0,0,1.3,0,1.3
6-May-85,18:23,0,0,0,1.3,0,1.3
6-May-85,18:24,0,0,0,1.3,0,1.3
6-May-85,18:25,0,0,0,1.3,0,1.3
6-May-85,18:26,0,0,0,1.3,0,1.3
6-May-85,18:27,0,0,0,1.3,0,1.3
6-May-85,18:28,0,0,0,1.3,0,1.3
6-May-85,18:29,0,0,0,1.3,0,1.3
6-May-85,18:30,0,0,0,1.3,0,1.3
6-May-85,18:31,0,0,0,1.3,0,1.3
6-May-85,18:32,0,0,0,1.3,0,1.3
6-May-85,18:33,0,0,0,1.2,0,1.2
6-May-85,18:34,0,0,0,1.2,0,1.2
6-May-85,18:35,0,0,0,1.2,0,1.2
6-May-85,18:36,0,0,0,1.2,0,1.2
6-May-85,18:37,0,0,0,1.2,0,1.2
6-May-85,18:38,0,0,0,1.2,0,1.2
6-May-85,18:39,0,0,0,1.2,0,1.2
6-May-85,18:40,0,0,0,1.2,0,1.2
6-May-85,18:41,0,0,0,1.2,0,1.2
6-May-85,18:42,0,0,0,1.2,0,1.2
6-May-85,18:43,0,0,0,1.2,0,1.2
6-May-85,18:44,0,0,0,1.2,0,1.2
6-May-85,18:45,0,0,0,1.2,0,1.2
6-May-85,18:46,0,0,0,1.2,0,1.2
6-May-85,18:47,0,0,0,1.2,0,1.2
6-May-85,18:48,0,0,0,1.2,0,1.2
6-May-85,18:49,0,0,0,1.2,0,1.2
6-May-85,18:50,0,0,0,1.2,0,1.2
6-May-85,18:51,0,0,0,1.2,0,1.2
6-May-85,18:52,0,0,0,1.2,0,1.2
6-May-85,18:53,0,0,0,1.2,0,1.2
6-May-85,18:54,0,0,0,1.2,0,1.2
6-May-85,18:55,0,0,0,1.2,0,1.2
6-May-85,18:56,0,0,0,1.2,0,1.2
6-May-85,18:57,0,0,0,1.2,0,1.2
6-May-85,18:58,0,0,0,1.2,0,1.2
6-May-85,18:59,0,0,0,1.2,0,1.2
6-May-85,19:00,0,0,0,1.2,0,1.2
6-May-85,19:01,0,0,0,1.2,0,1.2
6-May-85,19:02,0,0,0,1.2,0,1.2
6-May-85,19:03,0,0,0,1.2,0,1.2
6-May-85,19:04,0,0,0,1.2,0,1.2
6-May-85,19:05,0,0,0,1.1,0,1.1
6-May-85,19:06,0,0,0,1.1,0,1.1
6-May-85,19:07,0,0,0,1.1,0,1.1
6-May-85,19:08,0,0,0,1.1,0,1.1
6-May-85,19:09,0,0,0,1.1,0,1.1
6-May-85,19:10,0,0,0,1.1,0,1.1
6-May-85,19:11,0,0,0,1.1,0,1.1
6-May-85,19:12,0,0,0,1.1,0,1.1
6-May-85,19:13,0,0,0,1.1,0,1.1
6-May-85,19:14,0,0,0,1.1,0,1.1
6-May-85,19:15,0,0,0,1.1,0,1.1
6-May-85,19:16,0,0,0,1.1,0,1.1
6-May-85,19:17,0,0,0,1.1,0,1.1
6-May-85,19:18,0,0,0,1.1,0,1.1
6-May-85,19:19,0,0,0,1.1,0,1.1
6-May-85,19:20,0,0,0,1.1,0,1.1
6-May-85,19:21,0,0,0,1.1,0,1.1
6-May-85,19:22,0,0,0,1.1,0,1.1
6-May-85,19:23,0,0,0,1.1,0,1.1
6-May-85,19:24,0,0,0,1.1,0,1.1
6-May-85,19:25,0,0,0,1.1,0,1.1
6-May-85,19:26,0,0,0,1.1,0,1.1
6-May-85,19:27,0,0,0,1.1,0,1.1
6-May-85,19:28,0,0,0,1.1,0,1.1
6-May-85,19:29,0,0,0,1.1,0,1.1
6-May-85,19:30,0,0,0,1.1,0,1.1
6-May-85,19:31,0,0,0,1.1,0,1.1
6-May-85,19:32,0,0,0,1.1,0,1.1
6-May-85,19:33,0,0,0,1.1,0,1.1
6-May-85,19:34,0,0,0,1.1,0,1.1
6-May-85,19:35,0,0,0,1.1,0,1.1
6-May-85,19:36,0,0,0,1.1,0,1.1
6-May-85,19:37,0,0,0,1.1,0,1.1
6-May-85,19:38,0,0,0,1.1,0,1.1
6-May-85,19:39,0,0,0,1.1,0,1.1
6-May-85,19:40,0,0,0,1.1,0,1.1
6-May-85,19:41,0,0,0,1.1,0,1.1
6-May-85,19:42,0,0,0,1.1,0,1.1
6-May-85,19:43,0,0,0,1.1,0,1.1
6-May-85,19:44,0,0,0,1.1,0,1.1
6-May-85,19:45,0,0,0,1.1,0,1.1
6-May-85,19:46,0,0,0,1.1,0,1.1
6-May-85,19:47,0,0,0,1.1,0,1.1
6-May-85,19:48,0,0,0,1.1,0,1.1
6-May-85,19:49,0,0,0,1.1,0,1.1
6-May-85,19:50,0,0,0,1.1,0,1.1
6-May-85,19:51,0,0,0,1.1,0,1.1
6-May-85,19:52,0,0,0,1.1,0,1.1
6-May-85,19:53,0,0,0,1,0,1
6-May-85,19:54,0,0,0,1,0,1
6-May-85,19:55,0,0,0,1,0,1
6-May-85,19:56,0,0,0,1,0,1
6-May-85,19:57,0,0,0,1,0,1
6-May-85,19:58,0,0,0,1,0,1
6-May-85,19:59,0,0,0,1,0,1
6-May-85,20:00,0,0,0,1,0,1
6-May-85,20:01,0,0,0,1,0,1
6-May-85,20:02,0,0,0,1,0,1
6-May-85,20:03,0,0,0,1,0,1
6-May-85,20:04,0,0,0,1,0,1
6-May-85,20:05,0,0,0,1,0,1
6-May-85,20:06,0,0,0,1,0,1
6-May-85,20:07,0,0,0,1,0,1
6-May-85,20:08,0,0,0,1,0,1
6-May-85,20:09,0,0,0,1,0,1
6-May-85,20:10,0,0,0,1,0,1
6-May-85,20:11,0,0,0,1,0,1
6-May-85,20:12,0,0,0,1,0,1
6-May-85,20:13,0,0,0,1,0,1
6-May-85,20:14,0,0,0,1,0,1
6-May-85,20:15,0,0,0,1,0,1
6-May-85,20:16,0,0,0,1,0,1
6-May-85,20:17,0,0,0,1,0,1
6-May-85,20:18,0,0,0,1,0,1
6-May-85,20:19,0,0,0,1,0,1
6-May-85,20:20,0,0,0,1,0,1
6-May-85,20:21,0,0,0,1,0,1
6-May-85,20:22,0,0,0,1,0,1
6-May-85,20:23,0,0,0,1,0,1
6-May-85,20:24,0,0,0,1,0,1
6-May-85,20:25,0,0,0,1,0,1
6-May-85,20:26,0,0,0,1,0,1
6-May-85,20:27,0,0,0,1,0,1
6-May-85,20:28,0,0,0,1,0,1
6-May-85,20:29,0,0,0,1,0,1
6-May-85,20:30,0,0,0,1,0,1
6-May-85,20:31,0,0,0,1,0,1
6-May-85,20:32,0,0,0,1,0,1
6-May-85,20:33,0,0,0,1,0,1
6-May-85,20:34,0,0,0,1,0,1
6-May-85,20:35,0,0,0,1,0,1
6-May-85,20:36,0,0,0,1,0,1
6-May-85,20:37,0,0,0,1,0,1
6-May-85,20:38,0,0,0,1,0,1
6-May-85,20:39,0,0,0,1,0,1
6-May-85,20:40,0,0,0,1,0,1
6-May-85,20:41,0,0,0,1,0,1
6-May-85,20:42,0,0,0,1,0,1
6-May-85,20:43,0,0,0,1,0,1
6-May-85,20:44,0,0,0,1,0,1
6-May-85,20:45,0,0,0,1,0,1
6-May-85,20:46,0,0,0,1,0,1
6-May-85,20:47,0,0,0,1,0,1
6-May-85,20:48,0,0,0,1,0,1
6-May-85,20:49,0,0,0,1,0,1
6-May-85,20:50,0,0,0,1,0,1
6-May-85,20:51,0,0,0,1,0,1
6-May-85,20:52,0,0,0,1,0,1
6-May-85,20:53,0,0,0,1,0,1
6-May-85,20:54,0,0,0,0.9,0,0.9
6-May-85,20:55,0,0,0,0.9,0,0.9
6-May-85,20:56,0,0,0,0.9,0,0.9
6-May-85,20:57,0,0,0,0.9,0,0.9
6-May-85,20:58,0,0,0,0.9,0,0.9
6-May-85,20:59,0,0,0,0.9,0,0.9
6-May-85,21:00,0,0,0,0.9,0,0.9
6-May-85,21:01,0,0,0,0.9,0,0.9
6-May-85,21:02,0,0,0,0.9,0,0.9
6-May-85,21:03,0,0,0,0.9,0,0.9
6-May-85,21:04,0,0,0,0.9,0,0.9
6-May-85,21:05,0,0,0,0.9,0,0.9
6-May-85,21:06,0,0,0,0.9,0,0.9
6-May-85,21:07,0,0,0,0.9,0,0.9
6-May-85,21:08,0,0,0,0.9,0,0.9
6-May-85,21:09,0,0,0,0.9,0,0.9
6-May-85,21:10,0,0,0,0.9,0,0.9
6-May-85,21:11,0,0,0,0.9,0,0.9
6-May-85,21:12,0,0,0,0.9,0,0.9
6-May-85,21:13,0,0,0,0.9,0,0.9
6-May-85,21:14,0,0,0,0.9,0,0.9
6-May-85,21:15,0,0,0,0.9,0,0.9
6-May-85,21:16,0,0,0,0.9,0,0.9
6-May-85,21:17,0,0,0,0.9,0,0.9
6-May-85,21:18,0,0,0,0.9,0,0.9
6-May-85,21:19,0,0,0,0.9,0,0.9
6-May-85,21:20,0,0,0,0.9,0,0.9
6-May-85,21:21,0,0,0,0.9,0,0.9
6-May-85,21:22,0,0,0,0.9,0,0.9
6-May-85,21:23,0,0,0,0.9,0,0.9
6-May-85,21:24,0,0,0,0.9,0,0.9
6-May-85,21:25,0,0,0,0.9,0,0.9
6-May-85,21:26,0,0,0,0.9,0,0.9
6-May-85,21:27,0,0,0,0.9,0,0.9
6-May-85,21:28,0,0,0,0.9,0,0.9
6-May-85,21:29,0,0,0,0.9,0,0.9
6-May-85,21:30,0,0,0,0.9,0,0.9
6-May-85,21:31,0,0,0,0.9,0,0.9
6-May-85,21:32,0,0,0,0.9,0,0.9
6-May-85,21:33,0,0,0,0.9,0,0.9
6-May-85,21:34,0,0,0,0.9,0,0.9
6-May-85,21:35,0,0,0,0.9,0,0.9
6-May-85,21:36,0,0,0,0.9,0,0.9
6-May-85,21:37,0,0,0,0.9,0,0.9
6-May-85,21:38,0,0,0,0.9,0,0.9
6-May-85,21:39,0,0,0,0.9,0,0.9
6-May-85,21:40,0,0,0,0.9,0,0.9
6-May-85,21:41,0,0,0,0.9,0,0.9
6-May-85,21:42,0,0,0,0.9,0,0.9
6-May-85,21:43,0,0,0,0.9,0,0.9
6-May-85,21:44,0,0,0,0.9,0,0.9
6-May-85,21:45,0,0,0,0.9,0,0.9
6-May-85,21:46,0,0,0,0.9,0,0.9
6-May-85,21:47,0,0,0,0.9,0,0.9
6-May-85,21:48,0,0,0,0.9,0,0.9
6-May-85,21:49,0,0,0,0.9,0,0.9
6-May-85,21:50,0,0,0,0.9,0,0.9
6-May-85,21:51,0,0,0,0.9,0,0.9
6-May-85,21:52,0,0,0,0.9,0,0.9
6-May-85,21:53,0,0,0,0.9,0,0.9
6-May-85,21:54,0,0,0,0.9,0,0.9
6-May-85,21:55,0,0,0,0.9,0,0.9
6-May-85,21:56,0,0,0,0.9,0,0.9
6-May-85,21:57,0,0,0,0.9,0,0.9
6-May-85,21:58,0,0,0,0.9,0,0.9
6-May-85,21:59,0,0,0,0.9,0,0.9
6-May-85,22:00,0,0,0,0.9,0,0.9
6-May-85,22:01,0,0,0,0.9,0,0.9
6-May-85,22:02,0,0,0,0.9,0,0.9
6-May-85,22:03,0,0,0,0.9,0,0.9
6-May-85,22:04,0,0,0,0.9,0,0.9
6-May-85,22:05,0,0,0,0.9,0,0.9
6-May-85,22:06,0,0,0,0.9,0,0.9
6-May-85,22:07,0,0,0,0.9,0,0.9
6-May-85,22:08,0,0,0,0.9,0,0.9
6-May-85,22:09,0,0,0,0.9,0,0.9
6-May-85,22:10,0,0,0,0.9,0,0.9
6-May-85,22:11,0,0,0,0.9,0,0.9
6-May-85,22:12,0,0,0,0.8,0,0.8
6-May-85,22:13,0,0,0,0.8,0,0.8
6-May-85,22:14,0,0,0,0.8,0,0.8
6-May-85,22:15,0,0,0,0.8,0,0.8
6-May-85,22:16,0,0,0,0.8,0,0.8
6-May-85,22:17,0,0,0,0.8,0,0.8
6-May-85,22:18,0,0,0,0.8,0,0.8
6-May-85,22:19,0,0,0,0.8,0,0.8
6-May-85,22:20,0,0,0,0.8,0,0.8
6-May-85,22:21,0,0,0,0.8,0,0.8
6-May-85,22:22,0,0,0,0.8,0,0.8
6-May-85,22:23,0,0,0,0.8,0,0.8
6-May-85,22:24,0,0,0,0.8,0,0.8
6-May-85,22:25,0,0,0,0.8,0,0.8
6-May-85,22:26,0,0,0,0.8,0,0.8
6-May-85,22:27,0,0,0,0.8,0,0.8
6-May-85,22:28,0,0,0,0.8,0,0.8
6-May-85,22:29,0,0,0,0.8,0,0.8
6-May-85,22:30,0,0,0,0.8,0,0.8
6-May-85,22:31,0,0,0,0.8,0,0.8
6-May-85,22:32,0,0,0,0.8,0,0.8
6-May-85,22:33,0,0,0,0.8,0,0.8
6-May-85,22:34,0,0,0,0.8,0,0.8
6-May-85,22:35,0,0,0,0.8,0,0.8
6-May-85,22:36,0,0,0,0.8,0,0.8
6-May-85,22:37,0,0,0,0.8,0,0.8
6-May-85,22:38,0,0,0,0.8,0,0.8
6-May-85,22:39,0,0,0,0.8,0,0.8
6-May-85,22:40,0,0,0,0.8,0,0.8
6-May-85,22:41,0,0,0,0.8,0,0.8
6-May-85,22:42,0,0,0,0.8,0,0.8
6-May-85,22:43,0,0,0,0.8,0,0.8
6-May-85,22:44,0,0,0,0.8,0,0.8
6-May-85,22:45,0,0,0,0.8,0,0.8
6-May-85,22:46,0,0,0,0.8,0,0.8
6-May-85,22:47,0,0,0,0.8,0,0.8
6-May-85,22:48,0,0,0,0.8,0,0.8
6-May-85,22:49,0,0,0,0.8,0,0.8
6-May-85,22:50,0,0,0,0.8,0,0.8
6-May-85,22:51,0,0,0,0.8,0,0.8
6-May-85,22:52,0,0,0,0.8,0,0.8
6-May-85,22:53,0,0,0,0.8,0,0.8
6-May-85,22:54,0,0,0,0.8,0,0.8
6-May-85,22:55,0,0,0,0.8,0,0.8
6-May-85,22:56,0,0,0,0.8,0,0.8
6-May-85,22:57,0,0,0,0.8,0,0.8
6-May-85,22:58,0,0,0,0.8,0,0.8
6-May-85,22:59,0,0,0,0.8,0,0.8
6-May-85,23:00,0,0,0,0.8,0,0.8
6-May-85,23:01,0,0,0,0.8,0,0.8
6-May-85,23:02,0,0,0,0.8,0,0.8
6-May-85,23:03,0,0,0,0.8,0,0.8
6-May-85,23:04,0,0,0,0.8,0,0.8
6-May-85,23:05,0,0,0,0.8,0,0.8
6-May-85,23:06,0,0,0,0.8,0,0.8
6-May-85,23:07,0,0,0,0.8,0,0.8
6-May-85,23:08,0,0,0,0.8,0,0.8
6-May-85,23:09,0,0,0,0.8,0,0.8
6-May-85,23:10,0,0,0,0.8,0,0.8
6-May-85,23:11,0,0,0,0.8,0,0.8
6-May-85,23:12,0,0,0,0.8,0,0.8
6-May-85,23:13,0,0,0,0.8,0,0.8
6-May-85,23:14,0,0,0,0.8,0,0.8
6-May-85,23:15,0,0,0,0.8,0,0.8
6-May-85,23:16,0,0,0,0.8,0,0.8
6-May-85,23:17,0,0,0,0.8,0,0.8
6-May-85,23:18,0,0,0,0.8,0,0.8
6-May-85,23:19,0,0,0,0.8,0,0.8
6-May-85,23:20,0,0,0,0.8,0,0.8
6-May-85,23:21,0,0,0,0.8,0,0.8
6-May-85,23:22,0,0,0,0.8,0,0.8
6-May-85,23:23,0,0,0,0.8,0,0.8
6-May-85,23:24,0,0,0,0.8,0,0.8
6-May-85,23:25,0,0,0,0.8,0,0.8
6-May-85,23:26,0,0,0,0.8,0,0.8
6-May-85,23:27,0,0,0,0.8,0,0.8
6-May-85,23:28,0,0,0,0.8,0,0.8
6-May-85,23:29,0,0,0,0.8,0,0.8
6-May-85,23:30,0,0,0,0.8,0,0.8
6-May-85,23:31,0,0,0,0.8,0,0.8
6-May-85,23:32,0,0,0,0.8,0,0.8
6-May-85,23:33,0,0,0,0.8,0,0.8
6-May-85,23:34,0,0,0,0.8,0,0.8
6-May-85,23:35,0,0,0,0.8,0,0.8
6-May-85,23:36,0,0,0,0.8,0,0.8
6-May-85,23:37,0,0,0,0.8,0,0.8
6-May-85,23:38,0,0,0,0.8,0,0.8
6-May-85,23:39,0,0,0,0.8,0,0.8
6-May-85,23:40,0,0,0,0.8,0,0.8
6-May-85,23:41,0,0,0,0.8,0,0.8
6-May-85,23:42,0,0,0,0.8,0,0.8
6-May-85,23:43,0,0,0,0.8,0,0.8
6-May-85,23:44,0,0,0,0.8,0,0.8
6-May-85,23:45,0,0,0,0.8,0,0.8
6-May-85,23:46,0,0,0,0.8,0,0.8
6-May-85,23:47,0,0,0,0.8,0,0.8
6-May-85,23:48,0,0,0,0.8,0,0.8
6-May-85,23:49,0,0,0,0.8,0,0.8
6-May-85,23:50,0,0,0,0.8,0,0.8
6-May-85,23:51,0,0,0,0.8,0,0.8
6-May-85,23:52,0,0,0,0.8,0,0.8
6-May-85,23:53,0,0,0,0.7,0,0.7
6-May-85,23:54,0,0,0,0.7,0,0.7
6-May-85,23:55,0,0,0,0.7,0,0.7
6-May-85,23:56,0,0,0,0.7,0,0.7
6-May-85,23:57,0,0,0,0.7,0,0.7
6-May-85,23:58,0,0,0,0.7,0,0.7
6-May-85,23:59,0,0,0,0.7,0,0.7
7-May-85,0:00,0,0,0,0.7,0,0.7
7-May-85,0:01,0,0,0,0.7,0,0.7
7-May-85,0:02,0,0,0,0.7,0,0.7
7-May-85,0:03,0,0,0,0.7,0,0.7
7-May-85,0:04,0,0,0,0.7,0,0.7
7-May-85,0:05,0,0,0,0.7,0,0.7
7-May-85,0:06,0,0,0,0.7,0,0.7
7-May-85,0:07,0,0,0,0.7,0,0.7
7-May-85,0:08,0,0,0,0.7,0,0.7
7-May-85,0:09,0,0,0,0.6,0,0.6
7-May-85,0:10,0,0,0,0.6,0,0.6
7-May-85,0:11,0,0,0,0.6,0,0.6
7-May-85,0:12,0,0,0,0.5,0,0.5
7-May-85,0:13,0,0,0,0.5,0,0.5
7-May-85,0:14,0,0,0,0.5,0,0.5
7-May-85,0:15,0,0,0,0.4,0,0.4
7-May-85,0:16,0,0,0,0.4,0,0.4
7-May-85,0:17,0,0,0,0.4,0,0.4
7-May-85,0:18,0,0,0,0.3,0,0.3
7-May-85,0:19,0,0,0,0.3,0,0.3
7-May-85,0:20,0,0,0,0.3,0,0.3
7-May-85,0:21,0,0,0,0.2,0,0.2
7-May-85,0:22,0,0,0,0.2,0,0.2
7-May-85,0:23,0,0,0,0.2,0,0.2
7-May-85,0:24,0,0,0,0.2,0,0.2
7-May-85,0:25,0,0,0,0.2,0,0.2
7-May-85,0:26,0,0,0,0.1,0,0.1
7-May-85,0:27,0,0,0,0.1,0,0.1
7-May-85,0:28,0,0,0,0.1,0,0.1
7-May-85,0:29,0,0,0,0.1,0,0.1
7-May-85,0:30,0,0,0,0.1,0,0.1
7-May-85,0:31,0,0,0,0.1,0,0.1
7-May-85,0:32,0,0,0,0.1,0,0.1
7-May-85,0:33,0,0,0,0.1,0,0.1
7-May-85,0:34,0,0,0,0.1,0,0.1
7-May-85,0:35,0,0,0,0.1,0,0.1
7-May-85,0:36,0,0,0,0,0,0
7-May-85,0:37,0,0,0,0,0,0
7-May-85,0:38,0,0,0,0,0,0
7-May-85,0:39,0,0,0,0,0,0
7-May-85,0:40,0,0,0,0,0,0
7-May-85,0:41,0,0,0,0,0,0
7-May-85,0:42,0,0,0,0,0,0
7-May-85,0:43,0,0,0,0,0,0
7-May-85,0:44,0,0,0,0,0,0
7-May-85,0:45,0,0,0,0,0,0
7-May-85,0:46,0,0,0,0,0,0
7-May-85,0:47,0,0,0,0,0,0
7-May-85,0:48,0,0,0,0,0,0
7-May-85,0:49,0,0,0,0,0,0
7-May-85,0:50,0,0,0,0,0,0
7-May-85,0:51,0,0,0,0,0,0
7-May-85,0:52,0,0,0,0,0,0
7-May-85,0:53,0,0,0,0,0,0
7-May-85,0:54,0,0,0,0,0,0
7-May-85,0:55,0,0,0,0,0,0
7-May-85,0:56,0,0,0,0,0,0
7-May-85,0:57,0,0,0,0,0,0
7-May-85,0:58,0,0,0,0,0,0
7-May-85,0:59,0,0,0,0,0,0
7-May-85,1:00,0,0,0,0,0,0
7-May-85,1:01,0,0,0,0,0,0
7-May-85,1:02,0,0,0,0,0,0
7-May-85,1:03,0,0,0,0,0,0
7-May-85,1:04,0,0,0,0,0,0
7-May-85,1:05,0,0,0,0,0,0
7-May-85,1:06,0,0,0,0,0,0
7-May-85,1:07,0,0,0,0,0,0
7-May-85,1:08,0,0,0,0,0,0
7-May-85,1:09,0,0,0,0,0,0
7-May-85,1:10,0,0,0,0,0,0
7-May-85,1:11,0,0,0,0,0,0
7-May-85,1:12,0,0,0,0,0,0
7-May-85,1:13,0,0,0,0,0,0
7-May-85,1:14,0,0,0,0,0,0
7-May-85,1:15,0,0,0,0,0,0
7-May-85,1:16,0,0,0,0,0,0
7-May-85,1:17,0,0,0,0,0,0
7-May-85,1:18,0,0,0,0,0,0
7-May-85,1:19,0,0,0,0,0,0
7-May-85,1:20,0,0,0,0,0,0
7-May-85,1:21,0,0,0,0,0,0
7-May-85,1:22,0,0,0,0,0,0
7-May-85,1:23,0,0,0,0,0,0
7-May-85,1:24,0,0,0,0,0,0
7-May-85,1:25,0,0,0,0,0,0
7-May-85,1:26,0,0,0,0,0,0
7-May-85,1:27,0,0,0,0,0,0
7-May-85,1:28,0,0,0,0,0,0
7-May-85,1:29,0,0,0,0,0,0
7-May-85,1:30,0,0,0,0,0,0
7-May-85,1:31,0,0,0,0,0,0
7-May-85,1:32,0,0,0,0,0,0
7-May-85,1:33,0,0,0,0,0,0
7-May-85,1:34,0,0,0,0,0,0
7-May-85,1:35,0,0,0,0,0,0
7-May-85,1:36,0,0,0,0,0,0
7-May-85,1:37,0,0,0,0,0,0
7-May-85,1:38,0,0,0,0,0,0
7-May-85,1:39,0,0,0,0,0,0
7-May-85,1:40,0,0,0,0,0,0
7-May-85,1:41,0,0,0,0,0,0
7-May-85,1:42,0,0,0,0,0,0
7-May-85,1:43,0,0,0,0,0,0
7-May-85,1:44,0,0,0,0,0,0
7-May-85,1:45,0,0,0,0,0,0
7-May-85,1:46,0,0,0,0,0,0
7-May-85,1:47,0,0,0,0,0,0
7-May-85,1:48,0,0,0,0,0,0
7-May-85,1:49,0,0,0,0,0,0
7-May-85,1:50,0,0,0,0,0,0
7-May-85,1:51,0,0,0,0,0,0
7-May-85,1:52,0,0,0,0,0,0
7-May-85,1:53,0,0,0,0,0,0
7-May-85,1:54,0,0,0,0,0,0
7-May-85,1:55,0,0,0,0,0,0
7-May-85,1:56,0,0,0,0,0,0
7-May-85,1:57,0,0,0,0,0,0
7-May-85,1:58,0,0,0,0,0,0
7-May-85,1:59,0,0,0,0,0,0
7-May-85,2:00,0,0,0,0,0,0
7-May-85,2:01,0,0,0,0,0,0
7-May-85,2:02,0,0,0,0,0,0
7-May-85,2:03,0,0,0,0,0,0
7-May-85,2:04,0,0,0,0,0,0
7-May-85,2:05,0,0,0,0,0,0
7-May-85,2:06,0,0,0,0,0,0
7-May-85,2:07,0,0,0,0,0,0
7-May-85,2:08,0,0,0,0,0,0
7-May-85,2:09,0,0,0,0,0,0
7-May-85,2:10,0,0,0,0,0,0
7-May-85,2:11,0,0,0,0,0,0
7-May-85,2:12,0,0,0,0,0,0
7-May-85,2:13,0,0,0,0,0,0
7-May-85,2:14,0,0,0,0,0,0
7-May-85,2:15,0,0,0,0,0,0
7-May-85,2:16,0,0,0,0,0,0
7-May-85,2:17,0,0,0,0,0,0
7-May-85,2:18,0,0,0,0,0,0
7-May-85,2:19,0,0,0,0,0,0
7-May-85,2:20,0,0,0,0,0,0
7-May-85,2:21,0,0,0,0,0,0
7-May-85,2:22,0,0,0,0,0,0
7-May-85,2:23,0,0,0,0,0,0
7-May-85,2:24,0,0,0,0,0,0
7-May-85,2:25,0,0,0,0,0,0
7-May-85,2:26,0,0,0,0,0,0
7-May-85,2:27,0,0,0,0,0,0
7-May-85,2:28,0,0,0,0,0,0
7-May-85,2:29,0,0,0,0,0,0
7-May-85,2:30,0,0,0,0,0,0
7-May-85,2:31,0,0,0,0,0,0
7-May-85,2:32,0,0,0,0,0,0
7-May-85,2:33,0,0,0,0,0,0
7-May-85,2:34,0,0,0,0,0,0
7-May-85,2:35,0,0,0,0,0,0
7-May-85,2:36,0,0,0,0,0,0
7-May-85,2:37,0,0,0,0,0,0
7-May-85,2:38,0,0,0,0,0,0
7-May-85,2:39,0,0,0,0,0,0
7-May-85,2:40,0,0,0,0,0,0
7-May-85,2:41,0,0,0,0,0,0
7-May-85,2:42,0,0,0,0,0,0
7-May-85,2:43,0,0,0,0,0,0
7-May-85,2:44,0,0,0,0,0,0
7-May-85,2:45,0,0,0,0,0,0
7-May-85,2:46,0,0,0,0,0,0
7-May-85,2:47,0,0,0,0,0,0
7-May-85,2:48,0,0,0,0,0,0
7-May-85,2:49,0,0,0,0,0,0
7-May-85,2:50,0,0,0,0,0,0
7-May-85,2:51,0,0,0,0,0,0
7-May-85,2:52,0,0,0,0,0,0
7-May-85,2:53,0,0,0,0,0,0
7-May-85,2:54,0,0,0,0,0,0
7-May-85,2:55,0,0,0,0,0,0
7-May-85,2:56,0,0,0,0,0,0
7-May-85,2:57,0,0,0,0,0,0
7-May-85,2:58,0,0,0,0,0,0
7-May-85,2:59,0,0,0,0,0,0
7-May-85,3:00,0,0,0,0,0,0
7-May-85,3:01,0,0,0,0,0,0
7-May-85,3:02,0,0,0,0,0,0
7-May-85,3:03,0,0,0,0,0,0
7-May-85,3:04,0,0,0,0,0,0
7-May-85,3:05,0,0,0,0,0,0
7-May-85,3:06,0,0,0,0,0,0
7-May-85,3:07,0,0,0,0,0,0
7-May-85,3:08,0,0,0,0,0,0
7-May-85,3:09,0,0,0,0,0,0
7-May-85,3:10,0,0,0,0,0,0
7-May-85,3:11,0,0,0,0,0,0
7-May-85,3:12,0,0,0,0,0,0
7-May-85,3:13,0,0,0,0,0,0
7-May-85,3:14,0,0,0,0,0,0
7-May-85,3:15,0,0,0,0,0,0
7-May-85,3:16,0,0,0,0,0,0
7-May-85,3:17,0,0,0,0,0,0
7-May-85,3:18,0,0,0,0,0,0
7-May-85,3:19,0,0,0,0,0,0
7-May-85,3:20,0,0,0,0,0,0
7-May-85,3:21,0,0,0,0,0,0
7-May-85,3:22,0,0,0,0,0,0
7-May-85,3:23,0,0,0,0,0,0
7-May-85,3:24,0,0,0,0,0,0
7-May-85,3:25,0,0,0,0,0,0
7-May-85,3:26,0,0,0,0,0,0
7-May-85,3:27,0,0,0,0,0,0
7-May-85,3:28,0,0,0,0,0,0
7-May-85,3:29,0,0,0,0,0,0
7-May-85,3:30,0,0,0,0,0,0
7-May-85,3:31,0,0,0,0,0,0
7-May-85,3:32,0,0,0,0,0,0
7-May-85,3:33,0,0,0,0,0,0
7-May-85,3:34,0,0,0,0,0,0
7-May-85,3:35,0,0,0,0,0,0
7-May-85,3:36,0,0,0,0,0,0
7-May-85,3:37,0,0,0,0,0,0
7-May-85,3:38,0,0,0,0,0,0
7-May-85,3:39,0,0,0,0,0,0
7-May-85,3:40,0,0,0,0,0,0
7-May-85,3:41,0,0,0,0,0,0
7-May-85,3:42,0,0,0,0,0,0
7-May-85,3:43,0,0,0,0,0,0
7-May-85,3:44,0,0,0,0,0,0
7-May-85,3:45,0,0,0,0,0,0
7-May-85,3:46,0,0,0,0,0,0
7-May-85,3:47,0,0,0,0,0,0
7-May-85,3:48,0,0,0,0,0,0
7-May-85,3:49,0,0,0,0,0,0
7-May-85,3:50,0,0,0,0,0,0
7-May-85,3:51,0,0,0,0,0,0
7-May-85,3:52,0,0,0,0,0,0
7-May-85,3:53,0,0,0,0,0,0
7-May-85,3:54,0,0,0,0,0,0
7-May-85,3:55,0,0,0,0,0,0
7-May-85,3:56,0,0,0,0,0,0
7-May-85,3:57,0,0,0,0,0,0
7-May-85,3:58,0,0,0,0,0,0
7-May-85,3:59,0,0,0,0,0,0
7-May-85,4:00,0,0,0,0,0,0
7-May-85,4:01,0,0,0,0,0,0
7-May-85,4:02,0,0,0,0,0,0
7-May-85,4:03,0,0,0,0,0,0
7-May-85,4:04,0,0,0,0,0,0
7-May-85,4:05,0,0,0,0,0,0
7-May-85,4:06,0,0,0,0,0,0
7-May-85,4:07,0,0,0,0,0,0
7-May-85,4:08,0,0,0,0,0,0
7-May-85,4:09,0,0,0,0,0,0
7-May-85,4:10,0,0,0,0,0,0
7-May-85,4:11,0,0,0,0,0,0
7-May-85,4:12,0,0,0,0,0,0
7-May-85,4:13,0,0,0,0,0,0
7-May-85,4:14,0,0,0,0,0,0
7-May-85,4:15,0,0,0,0,0,0
7-May-85,4:16,0,0,0,0,0,0
7-May-85,4:17,0,0,0,0,0,0
7-May-85,4:18,0,0,0,0,0,0
7-May-85,4:19,0,0,0,0,0,0
7-May-85,4:20,0,0,0,0,0,0
7-May-85,4:21,0,0,0,0,0,0
7-May-85,4:22,0,0,0,0,0,0
7-May-85,4:23,0,0,0,0,0,0
7-May-85,4:24,0,0,0,0,0,0
7-May-85,4:25,0,0,0,0,0,0
7-May-85,4:26,0,0,0,0,0,0
7-May-85,4:27,0,0,0,0,0,0
7-May-85,4:28,0,0,0,0,0,0
7-May-85,4:29,0,0,0,0,0,0
7-May-85,4:30,0,0,0,0,0,0
7-May-85,4:31,0,0,0,0,0,0
7-May-85,4:32,0,0,0,0,0,0
7-May-85,4:33,0,0,0,0,0,0
7-May-85,4:34,0,0,0,0,0,0
7-May-85,4:35,0,0,0,0,0,0
7-May-85,4:36,0,0,0,0,0,0
7-May-85,4:37,0,0,0,0,0,0
7-May-85,4:38,0,0,0,0,0,0
7-May-85,4:39,0,0,0,0,0,0
7-May-85,4:40,0,0,0,0,0,0
7-May-85,4:41,0,0,0,0,0,0
7-May-85,4:42,0,0,0,0,0,0
7-May-85,4:43,0,0,0,0,0,0
7-May-85,4:44,0,0,0,0,0,0
7-May-85,4:45,0,0,0,0,0,0
7-May-85,4:46,0,0,0,0,0,0
7-May-85,4:47,0,0,0,0,0,0
7-May-85,4:48,0,0,0,0,0,0
7-May-85,4:49,0,0,0,0,0,0
7-May-85,4:50,0,0,0,0,0,0
7-May-85,4:51,0,0,0,0,0,0
7-May-85,4:52,0,0,0,0,0,0
7-May-85,4:53,0,0,0,0,0,0
7-May-85,4:54,0,0,0,0,0,0
7-May-85,4:55,0,0,0,0,0,0
7-May-85,4:56,0,0,0,0,0,0
7-May-85,4:57,0,0,0,0,0,0
7-May-85,4:58,0,0,0,0,0,0
7-May-85,4:59,0,0,0,0,0,0
7-May-85,5:00,0,0,0,0,0,0
7-May-85,5:01,0,0,0,0,0,0
7-May-85,5:02,0,0,0,0,0,0
7-May-85,5:03,0,0,0,0,0,0
7-May-85,5:04,0,0,0,0,0,0
7-May-85,5:05,0,0,0,0,0,0
7-May-85,5:06,0,0,0,0,0,0
7-May-85,5:07,0,0,0,0,0,0
7-May-85,5:08,0,0,0,0,0,0
7-May-85,5:09,0,0,0,0,0,0
7-May-85,5:10,0,0,0,0,0,0
7-May-85,5:11,0,0,0,0,0,0
7-May-85,5:12,0,0,0,0,0,0
7-May-85,5:13,0,0,0,0,0,0
7-May-85,5:14,0,0,0,0,0,0
7-May-85,5:15,0,0,0,0,0,0
7-May-85,5:16,0,0,0,0,0,0
7-May-85,5:17,0,0,0,0,0,0
7-May-85,5:18,0,0,0,0,0,0
7-May-85,5:19,0,0,0,0,0,0
7-May-85,5:20,0,0,0,0,0,0
7-May-85,5:21,0,0,0,0,0,0
7-May-85,5:22,0,0,0,0,0,0
7-May-85,5:23,0,0,0,0,0,0
7-May-85,5:24,0,0,0,0,0,0
7-May-85,5:25,0,0,0,0,0,0
7-May-85,5:26,0,0,0,0,0,0
7-May-85,5:27,0,0,0,0,0,0
7-May-85,5:28,0,0,0,0,0,0
7-May-85,5:29,0,0,0,0,0,0
7-May-85,5:30,0,0,0,0,0,0
7-May-85,5:31,0,0,0,0,0,0
7-May-85,5:32,0,0,0,0,0,0
7-May-85,5:33,0,0,0,0,0,0
7-May-85,5:34,0,0,0,0,0,0
7-May-85,5:35,0,0,0,0,0,0
7-May-85,5:36,0,0,0,0,0,0
7-May-85,5:37,0,0,0,0,0,0
7-May-85,5:38,0,0,0,0,0,0
7-May-85,5:39,0,0,0,0,0,0
7-May-85,5:40,0,0,0,0,0,0
7-May-85,5:41,0,0,0,0,0,0
7-May-85,5:42,0,0,0,0,0,0
7-May-85,5:43,0,0,0,0,0,0
7-May-85,5:44,0,0,0,0,0,0
7-May-85,5:45,0,0,0,0,0,0
7-May-85,5:46,0,0,0,0,0,0
7-May-85,5:47,0,0,0,0,0,0
7-May-85,5:48,0,0,0,0,0,0
7-May-85,5:49,0,0,0,0,0,0
7-May-85,5:50,0,0,0,0,0,0
7-May-85,5:51,0,0,0,0,0,0
7-May-85,5:52,0,0,0,0,0,0
7-May-85,5:53,0,0,0,0,0,0
7-May-85,5:54,0,0,0,0,0,0
7-May-85,5:55,0,0,0,0,0,0
7-May-85,5:56,0,0,0,0,0,0
7-May-85,5:57,0,0,0,0,0,0
7-May-85,5:58,0,0,0,0,0,0
7-May-85,5:59,0,0,0,0,0,0
7-May-85,6:00,0,0,0,0,0,0
7-May-85,6:01,0,0,0,0,0,0
7-May-85,6:02,0,0,0,0,0,0
7-May-85,6:03,0,0,0,0,0,0
7-May-85,6:04,0,0,0,0,0,0
7-May-85,6:05,0,0,0,0,0,0
7-May-85,6:06,0,0,0,0,0,0
7-May-85,6:07,0,0,0,0,0,0
7-May-85,6:08,0,0,0,0,0,0
7-May-85,6:09,0,0,0,0,0,0
7-May-85,6:10,0,0,0,0,0,0
7-May-85,6:11,0,0,0,0,0,0
7-May-85,6:12,0,0,0,0,0,0
7-May-85,6:13,0,0,0,0,0,0
7-May-85,6:14,0,0,0,0,0,0
7-May-85,6:15,0,0,0,0,0,0
7-May-85,6:16,0,0,0,0,0,0
7-May-85,6:17,0,0,0,0,0,0
7-May-85,6:18,0,0,0,0,0,0
7-May-85,6:19,0,0,0,0,0,0
7-May-85,6:20,0,0,0,0,0,0
7-May-85,6:21,0,0,0,0,0,0
7-May-85,6:22,0,0,0,0,0,0
7-May-85,6:23,0,0,0,0,0,0
7-May-85,6:24,0,0,0,0,0,0
7-May-85,6:25,0,0,0,0,0,0
7-May-85,6:26,0,0,0,0,0,0
7-May-85,6:27,0,0,0,0,0,0
7-May-85,6:28,0,0,0,0,0,0
7-May-85,6:29,0,0,0,0,0,0
7-May-85,6:30,0,0,0,0,0,0
7-May-85,6:31,0,0,0,0,0,0
7-May-85,6:32,0,0,0,0,0,0
7-May-85,6:33,0,0,0,0,0,0
7-May-85,6:34,0,0,0,0,0,0
7-May-85,6:35,0,0,0,0,0,0
7-May-85,6:36,0,0,0,0,0,0
7-May-85,6:37,0,0,0,0,0,0
7-May-85,6:38,0,0,0,0,0,0
7-May-85,6:39,0,0,0,0,0,0
7-May-85,6:40,0,0,0,0,0,0
7-May-85,6:41,0,0,0,0,0,0
7-May-85,6:42,0,0,0,0,0,0
7-May-85,6:43,0,0,0,0,0,0
7-May-85,6:44,0,0,0,0,0,0
7-May-85,6:45,0,0,0,0,0,0
7-May-85,6:46,0,0,0,0,0,0
7-May-85,6:47,0,0,0,0,0,0
7-May-85,6:48,0,0,0,0,0,0
7-May-85,6:49,0,0,0,0,0,0
7-May-85,6:50,0,0,0,0,0,0
7-May-85,6:51,0,0,0,0,0,0
7-May-85,6:52,0,0,0,0,0,0
7-May-85,6:53,0,0,0,0,0,0
7-May-85,6:54,0,0,0,0,0,0
7-May-85,6:55,0,0,0,0,0,0
7-May-85,6:56,0,0,0,0,0,0
7-May-85,6:57,0,0,0,0,0,0
7-May-85,6:58,0,0,0,0,0,0
7-May-85,6:59,0,0,0,0,0,0
7-May-85,7:00,0,0,0,0,0,0
7-May-85,7:01,0,0,0,0,0,0
7-May-85,7:02,0,0,0,0,0,0
7-May-85,7:03,0,0,0,0,0,0
7-May-85,7:04,0,0,0,0,0,0
7-May-85,7:05,0,0,0,0,0,0
7-May-85,7:06,0,0,0,0,0,0
7-May-85,7:07,0,0,0,0,0,0
7-May-85,7:08,0,0,0,0,0,0
7-May-85,7:09,0,0,0,0,0,0
7-May-85,7:10,0,0,0,0,0,0
7-May-85,7:11,0,0,0,0,0,0
7-May-85,7:12,0,0,0,0,0,0
7-May-85,7:13,0,0,0,0,0,0
7-May-85,7:14,0,0,0,0,0,0
7-May-85,7:15,0,0,0,0,0,0
7-May-85,7:16,0,0,0,0,0,0
7-May-85,7:17,0,0,0,0,0,0
7-May-85,7:18,0,0,0,0,0,0
7-May-85,7:19,0,0,0,0,0,0
7-May-85,7:20,0,0,0,0,0,0
7-May-85,7:21,0,0,0,0,0,0
7-May-85,7:22,0,0,0,0,0,0
7-May-85,7:23,0,0,0,0,0,0
7-May-85,7:24,0,0,0,0,0,0
7-May-85,7:25,0,0,0,0,0,0
7-May-85,7:26,0,0,0,0,0,0
7-May-85,7:27,0,0,0,0,0,0
7-May-85,7:28,0,0,0,0,0,0
7-May-85,7:29,0,0,0,0,0,0
7-May-85,7:30,0,0,0,0,0,0
7-May-85,7:31,0,0,0,0,0,0
7-May-85,7:32,0,0,0,0,0,0
7-May-85,7:33,0,0,0,0,0,0
7-May-85,7:34,0,0,0,0,0,0
7-May-85,7:35,0,0,0,0,0,0
7-May-85,7:36,0,0,0,0,0,0
7-May-85,7:37,0,0,0,0,0,0
7-May-85,7:38,0,0,0,0,0,0
7-May-85,7:39,0,0,0,0,0,0
7-May-85,7:40,0,0,0,0,0,0
7-May-85,7:41,0,0,0,0,0,0
7-May-85,7:42,0,0,0,0,0,0
7-May-85,7:43,0,0,0,0,0,0
7-May-85,7:44,0,0,0,0,0,0
7-May-85,7:45,0,0,0,0,0,0
7-May-85,7:46,0,0,0,0,0,0
7-May-85,7:47,0,0,0,0,0,0
7-May-85,7:48,0,0,0,0,0,0
7-May-85,7:49,0,0,0,0,0,0
7-May-85,7:50,0,0,0,0,0,0
7-May-85,7:51,0,0,0,0,0,0
7-May-85,7:52,0,0,0,0,0,0
7-May-85,7:53,0,0,0,0,0,0
7-May-85,7:54,0,0,0,0,0,0
7-May-85,7:55,0,0,0,0,0,0
7-May-85,7:56,0,0,0,0,0,0
7-May-85,7:57,0,0,0,0,0,0
7-May-85,7:58,0,0,0,0,0,0
7-May-85,7:59,0,0,0,0,0,0
7-May-85,8:00,0,0,0,0,0,0
7-May-85,8:01,0,0,0,0,0,0
7-May-85,8:02,0,0,0,0,0,0
7-May-85,8:03,0,0,0,0,0,0
7-May-85,8:04,0,0,0,0,0,0
7-May-85,8:05,0,0,0,0,0,0
7-May-85,8:06,0,0,0,0,0,0
7-May-85,8:07,0,0,0,0,0,0
7-May-85,8:08,0,0,0,0,0,0
7-May-85,8:09,0,0,0,0,0,0
7-May-85,8:10,0,0,0,0,0,0
7-May-85,8:11,0,0,0,0,0,0
7-May-85,8:12,0,0,0,0,0,0
7-May-85,8:13,0,0,0,0,0,0
7-May-85,8:14,0,0,0,0,0,0
7-May-85,8:15,0,0,0,0,0,0
7-May-85,8:16,0,0,0,0,0,0
7-May-85,8:17,0,0,0,0,0,0
7-May-85,8:18,0,0,0,0,0,0
7-May-85,8:19,0,0,0,0,0,0
7-May-85,8:20,0,0,0,0,0,0
7-May-85,8:21,0,0,0,0,0,0
7-May-85,8:22,0,0,0,0,0,0
7-May-85,8:23,0,0,0,0,0,0
7-May-85,8:24,0,0,0,0,0,0
7-May-85,8:25,0,0,0,0,0,0
7-May-85,8:26,0,0,0,0,0,0
7-May-85,8:27,0,0,0,0,0,0
7-May-85,8:28,0,0,0,0,0,0
7-May-85,8:29,0,0,0,0,0,0
7-May-85,8:30,0,0,0,0,0,0
7-May-85,8:31,0,0,0,0,0,0
7-May-85,8:32,0,0,0,0,0,0
7-May-85,8:33,0,0,0,0,0,0
7-May-85,8:34,0,0,0,0,0,0
7-May-85,8:35,0,0,0,0,0,0
7-May-85,8:36,0,0,0,0,0,0
7-May-85,8:37,0,0,0,0,0,0
7-May-85,8:38,0,0,0,0,0,0
7-May-85,8:39,0,0,0,0,0,0
7-May-85,8:40,0,0,0,0,0,0
7-May-85,8:41,0,0,0,0,0,0
7-May-85,8:42,0,0,0,0,0,0
7-May-85,8:43,0,0,0,0,0,0
7-May-85,8:44,0,0,0,0,0,0
7-May-85,8:45,0,0,0,0,0,0
7-May-85,8:46,0,0,0,0,0,0
7-May-85,8:47,0,0,0,0,0,0
7-May-85,8:48,0,0,0,0,0,0
7-May-85,8:49,0,0,0,0,0,0
7-May-85,8:50,0,0,0,0,0,0
7-May-85,8:51,0,0,0,0,0,0
7-May-85,8:52,0,0,0,0,0,0
7-May-85,8:53,0,0,0,0,0,0
7-May-85,8:54,0,0,0,0,0,0
7-May-85,8:55,0,0,0,0,0,0
7-May-85,8:56,0,0,0,0,0,0
7-May-85,8:57,0,0,0,0,0,0
7-May-85,8:58,0,0,0,0,0,0
7-May-85,8:59,0,0,0,0,0,0
7-May-85,9:00,0,0,0,0,0,0
7-May-85,9:01,0,0,0,0,0,0
7-May-85,9:02,0,0,0,0,0,0
7-May-85,9:03,0,0,0,0,0,0
7-May-85,9:04,0,0,0,0,0,0
7-May-85,9:05,0,0,0,0,0,0
7-May-85,9:06,0,0,0,0,0,0
7-May-85,9:07,0,0,0,0,0,0
7-May-85,9:08,0,0,0,0,0,0
7-May-85,9:09,0,0,0,0,0,0
7-May-85,9:10,0,0,0,0,0,0
7-May-85,9:11,0,0,0,0,0,0
7-May-85,9:12,0,0,0,0,0,0
7-May-85,9:13,0,0,0,0,0,0
7-May-85,9:14,0,0,0,0,0,0
7-May-85,9:15,0,0,0,0,0,0
7-May-85,9:16,0,0,0,0,0,0
7-May-85,9:17,0,0,0,0,0,0
7-May-85,9:18,0,0,0,0,0,0
7-May-85,9:19,0,0,0,0,0,0
7-May-85,9:20,0,0,0,0,0,0
7-May-85,9:21,0,0,0,0,0,0
7-May-85,9:22,0,0,0,0,0,0
7-May-85,9:23,0,0,0,0,0,0
7-May-85,9:24,0,0,0,0,0,0
7-May-85,9:25,0,0,0,0,0,0
7-May-85,9:26,0,0,0,0,0,0
7-May-85,9:27,0,0,0,0,0,0
7-May-85,9:28,0,0,0,0,0,0
7-May-85,9:29,0,0,0,0,0,0
7-May-85,9:30,0,0,0,0,0,0
7-May-85,9:31,0,0,0,0,0,0
7-May-85,9:32,0,0,0,0,0,0
7-May-85,9:33,0,0,0,0,0,0
7-May-85,9:34,0,0,0,0,0,0
7-May-85,9:35,0,0,0,0,0,0
7-May-85,9:36,0,0,0,0,0,0
7-May-85,9:37,0,0,0,0,0,0
7-May-85,9:38,0,0,0,0,0,0
7-May-85,9:39,0,0,0,0,0,0
7-May-85,9:40,0,0,0,0,0,0
7-May-85,9:41,0,0,0,0,0,0
7-May-85,9:42,0,0,0,0,0,0
7-May-85,9:43,0,0,0,0,0,0
7-May-85,9:44,0,0,0,0,0,0
7-May-85,9:45,0,0,0,0,0,0
7-May-85,9:46,0,0,0,0,0,0
7-May-85,9:47,0,0,0,0,0,0
7-May-85,9:48,0,0,0,0,0,0
7-May-85,9:49,0,0,0,0,0,0
7-May-85,9:50,0,0,0,0,0,0
7-May-85,9:51,0,0,0,0,0,0
7-May-85,9:52,0,0,0,0,0,0
7-May-85,9:53,0,0,0,0,0,0
7-May-85,9:54,0,0,0,0,0,0
7-May-85,9:55,0,0,0,0,0,0
7-May-85,9:56,0,0,0,0,0,0
7-May-85,9:57,0,0,0,0,0,0
7-May-85,9:58,0,0,0,0,0,0
7-May-85,9:59,0,0,0,0,0,0
7-May-85,10:00,0,0,0,0,0,0
7-May-85,10:01,0,0,0,0,0,0
7-May-85,10:02,0,0,0,0,0,0
7-May-85,10:03,0,0,0,0,0,0
7-May-85,10:04,0,0,0,0,0,0
7-May-85,10:05,0,0,0,0,0,0
7-May-85,10:06,0,0,0,0,0,0
7-May-85,10:07,0,0,0,0,0,0
7-May-85,10:08,0,0,0,0,0,0
7-May-85,10:09,0,0,0,0,0,0
7-May-85,10:10,0,0,0,0,0,0
7-May-85,10:11,0,0,0,0,0,0
7-May-85,10:12,0,0,0,0,0,0
7-May-85,10:13,0,0,0,0,0,0
7-May-85,10:14,0,0,0,0,0,0
7-May-85,10:15,0,0,0,0,0,0
7-May-85,10:16,0,0,0,0,0,0
7-May-85,10:17,0,0,0,0,0,0
7-May-85,10:18,0,0,0,0,0,0
7-May-85,10:19,0,0,0,0,0,0
7-May-85,10:20,0,0,0,0,0,0
7-May-85,10:21,0,0,0,0,0,0
7-May-85,10:22,0,0,0,0,0,0
7-May-85,10:23,0,0,0,0,0,0
7-May-85,10:24,0,0,0,0,0,0
7-May-85,10:25,0,0,0,0,0,0
7-May-85,10:26,0,0,0,0,0,0
7-May-85,10:27,0,0,0,0,0,0
7-May-85,10:28,0,0,0,0,0,0
7-May-85,10:29,0,0,0,0,0,0
7-May-85,10:30,0,0,0,0,0,0
7-May-85,10:31,0,0,0,0,0,0
7-May-85,10:32,0,0,0,0,0,0
7-May-85,10:33,0,0,0,0,0,0
7-May-85,10:34,0,0,0,0,0,0
7-May-85,10:35,0,0,0,0,0,0
7-May-85,10:36,0,0,0,0,0,0
7-May-85,10:37,0,0,0,0,0,0
7-May-85,10:38,0,0,0,0,0,0
7-May-85,10:39,0,0,0,0,0,0
7-May-85,10:40,0,0,0,0,0,0
7-May-85,10:41,0,0,0,0,0,0
7-May-85,10:42,0,0,0,0,0,0
7-May-85,10:43,0,0,0,0,0,0
7-May-85,10:44,0,0,0,0,0,0
7-May-85,10:45,0,0,0,0,0,0
7-May-85,10:46,0,0,0,0,0,0
7-May-85,10:47,0,0,0,0,0,0
7-May-85,10:48,0,0,0,0,0,0
7-May-85,10:49,0,0,0,0,0,0
7-May-85,10:50,0,0,0,0,0,0
7-May-85,10:51,0,0,0,0,0,0
7-May-85,10:52,0,0,0,0,0,0
7-May-85,10:53,0,0,0,0,0,0
7-May-85,10:54,0,0,0,0,0,0
7-May-85,10:55,0,0,0,0,0,0
7-May-85,10:56,0,0,0,0,0,0
7-May-85,10:57,0,0,0,0,0,0
7-May-85,10:58,0,0,0,0,0,0
7-May-85,10:59,0,0,0,0,0,0
7-May-85,11:00,0,0,0,0,0,0
7-May-85,11:01,0,0,0,0,0,0
7-May-85,11:02,0,0,0,0,0,0
7-May-85,11:03,0,0,0,0,0,0
7-May-85,11:04,0,0,0,0,0,0
7-May-85,11:05,0,0,0,0,0,0
7-May-85,11:06,0,0,0,0,0,0
7-May-85,11:07,0,0,0,0,0,0
7-May-85,11:08,0,0,0,0,0,0
7-May-85,11:09,0,0,0,0,0,0
7-May-85,11:10,0,0,0,0,0,0
7-May-85,11:11,0,0,0,0,0,0
7-May-85,11:12,0,0,0,0,0,0
7-May-85,11:13,0,0,0,0,0,0
7-May-85,11:14,0,0,0,0,0,0
7-May-85,11:15,0,0,0,0,0,0
7-May-85,11:16,0,0,0,0,0,0
7-May-85,11:17,0,0,0,0,0,0
7-May-85,11:18,0,0,0,0,0,0
7-May-85,11:19,0,0,0,0,0,0
7-May-85,11:20,0,0,0,0,0,0
7-May-85,11:21,0,0,0,0,0,0
7-May-85,11:22,0,0,0,0,0,0
7-May-85,11:23,0,0,0,0,0,0
7-May-85,11:24,0,0,0,0,0,0
7-May-85,11:25,0,0,0,0,0,0
7-May-85,11:26,0,0,0,0,0,0
7-May-85,11:27,0,0,0,0,0,0
7-May-85,11:28,0,0,0,0,0,0
7-May-85,11:29,0,0,0,0,0,0
7-May-85,11:30,0,0,0,0,0,0
7-May-85,11:31,0,0,0,0,0,0
7-May-85,11:32,0,0,0,0,0,0
7-May-85,11:33,0,0,0,0,0,0
7-May-85,11:34,0,0,0,0,0,0
7-May-85,11:35,0,0,0,0,0,0
7-May-85,11:36,0,0,0,0,0,0
7-May-85,11:37,0,0,0,0,0,0
7-May-85,11:38,0,0,0,0,0,0
7-May-85,11:39,0,0,0,0,0,0
7-May-85,11:40,0,0,0,0,0,0
7-May-85,11:41,0,0,0,0,0,0
7-May-85,11:42,0,0,0,0,0,0
7-May-85,11:43,0,0,0,0,0,0
7-May-85,11:44,0,0,0,0,0,0
7-May-85,11:45,0,0,0,0,0,0
7-May-85,11:46,0,0,0,0,0,0
7-May-85,11:47,0,0,0,0,0,0
7-May-85,11:48,0,0,0,0,0,0
7-May-85,11:49,0,0,0,0,0,0
7-May-85,11:50,0,0,0,0,0,0
7-May-85,11:51,0,0,0,0,0,0
7-May-85,11:52,0,0,0,0,0,0
7-May-85,11:53,0,0,0,0,0,0
7-May-85,11:54,0,0,0,0,0,0
7-May-85,11:55,0,0,0,0,0,0
7-May-85,11:56,0,0,0,0,0,0
7-May-85,11:57,0,0,0,0,0,0
7-May-85,11:58,0,0,0,0,0,0
7-May-85,11:59,0,0,0,0,0,0
7-May-85,12:00,0,0,0,0,0,0
7-May-85,12:01,0,0,0,0,0,0
7-May-85,12:02,0,0,0,0,0,0
7-May-85,12:03,0,0,0,0,0,0
7-May-85,12:04,0,0,0,0,0,0
7-May-85,12:05,0,0,0,0,0,0
7-May-85,12:06,0,0,0,0,0,0
7-May-85,12:07,0,0,0,0,0,0
7-May-85,12:08,0,0,0,0,0,0
7-May-85,12:09,0,0,0,0,0,0
7-May-85,12:10,0,0,0,0,0,0
7-May-85,12:11,0,0,0,0,0,0
7-May-85,12:12,0,0,0,0,0,0
7-May-85,12:13,0,0,0,0,0,0
7-May-85,12:14,0,0,0,0,0,0
7-May-85,12:15,0,0,0,0,0,0
7-May-85,12:16,0,0,0,0,0,0
7-May-85,12:17,0,0,0,0,0,0
7-May-85,12:18,0,0,0,0,0,0
7-May-85,12:19,0,0,0,0,0,0
7-May-85,12:20,0,0,0,0,0,0
7-May-85,12:21,0,0,0,0,0,0
7-May-85,12:22,0,0,0,0,0,0
7-May-85,12:23,0,0,0,0,0,0
7-May-85,12:24,0,0,0,0,0,0
7-May-85,12:25,0,0,0,0,0,0
7-May-85,12:26,0,0,0,0,0,0
7-May-85,12:27,0,0,0,0,0,0
7-May-85,12:28,0,0,0,0,0,0
7-May-85,12:29,0,0,0,0,0,0
7-May-85,12:30,0,0,0,0,0,0
7-May-85,12:31,0,0,0,0,0,0
7-May-85,12:32,0,0,0,0,0,0
7-May-85,12:33,0,0,0,0,0,0
7-May-85,12:34,0,0,0,0,0,0
7-May-85,12:35,0,0,0,0,0,0
7-May-85,12:36,0,0,0,0,0,0
7-May-85,12:37,0,0,0,0,0,0
7-May-85,12:38,0,0,0,0,0,0
7-May-85,12:39,0,0,0,0,0,0
7-May-85,12:40,0,0,0,0,0,0
7-May-85,12:41,0,0,0,0,0,0
7-May-85,12:42,0,0,0,0,0,0
7-May-85,12:43,0,0,0,0,0,0
7-May-85,12:44,0,0,0,0,0,0
7-May-85,12:45,0,0,0,0,0,0
7-May-85,12:46,0,0,0,0,0,0
7-May-85,12:47,0,0,0,0,0,0
7-May-85,12:48,0,0,0,0,0,0
7-May-85,12:49,0,0,0,0,0,0
7-May-85,12:50,0,0,0,0,0,0
7-May-85,12:51,0,0,0,0,0,0
7-May-85,12:52,0,0,0,0,0,0
7-May-85,12:53,0,0,0,0,0,0
7-May-85,12:54,0,0,0,0,0,0
7-May-85,12:55,0,0,0,0,0,0
7-May-85,12:56,0,0,0,0,0,0
7-May-85,12:57,0,0,0,0,0,0
7-May-85,12:58,0,0,0,0,0,0
7-May-85,12:59,0,0,0,0,0,0
7-May-85,13:00,0,0,0,0,0,0
7-May-85,13:01,0,0,0,0,0,0
7-May-85,13:02,0,0,0,0,0,0
7-May-85,13:03,0,0,0,0,0,0
7-May-85,13:04,0,0,0,0,0,0
7-May-85,13:05,0,0,0,0,0,0
7-May-85,13:06,0,0,0,0,0,0
7-May-85,13:07,0,0,0,0,0,0
7-May-85,13:08,0,0,0,0,0,0
7-May-85,13:09,0,0,0,0,0,0
7-May-85,13:10,0,0,0,0,0,0
7-May-85,13:11,0,0,0,0,0,0
7-May-85,13:12,0,0,0,0,0,0
7-May-85,13:13,0,0,0,0,0,0
7-May-85,13:14,0,0,0,0,0,0
7-May-85,13:15,0,0,0,0,0,0
7-May-85,13:16,0,0,0,0,0,0
7-May-85,13:17,0,0,0,0,0,0
7-May-85,13:18,0,0,0,0,0,0
7-May-85,13:19,0,0,0,0,0,0
7-May-85,13:20,0,0,0,0,0,0
7-May-85,13:21,0,0,0,0,0,0
7-May-85,13:22,0,0,0,0,0,0
7-May-85,13:23,0,0,0,0,0,0
7-May-85,13:24,0,0,0,0,0,0
7-May-85,13:25,0,0,0,0,0,0
7-May-85,13:26,0,0,0,0,0,0
7-May-85,13:27,0,0,0,0,0,0
7-May-85,13:28,0,0,0,0,0,0
7-May-85,13:29,0,0,0,0,0,0
7-May-85,13:30,0,0,0,0,0,0
7-May-85,13:31,0,0,0,0,0,0
7-May-85,13:32,0,0,0,0,0,0
7-May-85,13:33,0,0,0,0,0,0
7-May-85,13:34,0,0,0,0,0,0
7-May-85,13:35,0,0,0,0,0,0
7-May-85,13:36,0,0,0,0,0,0
7-May-85,13:37,0,0,0,0,0,0
7-May-85,13:38,0,0,0,0,0,0
7-May-85,13:39,0,0,0,0,0,0
7-May-85,13:40,0,0,0,0,0,0
7-May-85,13:41,0,0,0,0,0,0
7-May-85,13:42,0,0,0,0,0,0
7-May-85,13:43,0,0,0,0,0,0
7-May-85,13:44,0,0,0,0,0,0
7-May-85,13:45,0,0,0,0,0,0
7-May-85,13:46,0,0,0,0,0,0
7-May-85,13:47,0,0,0,0,0,0
7-May-85,13:48,0,0,0,0,0,0
7-May-85,13:49,0,0,0,0,0,0
7-May-85,13:50,0,0,0,0,0,0
7-May-85,13:51,0,0,0,0,0,0
7-May-85,13:52,0,0,0,0,0,0
7-May-85,13:53,0,0,0,0,0,0
7-May-85,13:54,0,0,0,0,0,0
7-May-85,13:55,0,0,0,0,0,0
7-May-85,13:56,0,0,0,0,0,0
7-May-85,13:57,0,0,0,0,0,0
7-May-85,13:58,0,0,0,0,0,0
7-May-85,13:59,0,0,0,0,0,0
7-May-85,14:00,0,0,0,0,0,0
7-May-85,14:01,0,0,0,0,0,0
7-May-85,14:02,0,0,0,0,0,0
7-May-85,14:03,0,0,0,0,0,0
7-May-85,14:04,0,0,0,0,0,0
7-May-85,14:05,0,0,0,0,0,0
7-May-85,14:06,0,0,0,0,0,0
7-May-85,14:07,0,0,0,0,0,0
7-May-85,14:08,0,0,0,0,0,0
7-May-85,14:09,0,0,0,0,0,0
7-May-85,14:10,0,0,0,0,0,0
7-May-85,14:11,0,0,0,0,0,0
7-May-85,14:12,0,0,0,0,0,0
7-May-85,14:13,0,0,0,0,0,0
7-May-85,14:14,0,0,0,0,0,0
7-May-85,14:15,0,0,0,0,0,0
7-May-85,14:16,0,0,0,0,0,0
7-May-85,14:17,0,0,0,0,0,0
7-May-85,14:18,0,0,0,0,0,0
7-May-85,14:19,0,0,0,0,0,0
7-May-85,14:20,0,0,0,0,0,0
7-May-85,14:21,0,0,0,0,0,0
7-May-85,14:22,0,0,0,0,0,0
7-May-85,14:23,0,0,0,0,0,0
7-May-85,14:24,0,0,0,0,0,0
7-May-85,14:25,0,0,0,0,0,0
7-May-85,14:26,0,0,0,0,0,0
7-May-85,14:27,0,0,0,0,0,0
7-May-85,14:28,0,0,0,0,0,0
7-May-85,14:29,0,0,0,0,0,0
7-May-85,14:30,0,0,0,0,0,0
7-May-85,14:31,0,0,0,0,0,0
7-May-85,14:32,0,0,0,0,0,0
7-May-85,14:33,0,0,0,0,0,0
7-May-85,14:34,0,0,0,0,0,0
7-May-85,14:35,0,0,0,0,0,0
7-May-85,14:36,0,0,0,0,0,0
7-May-85,14:37,0,0,0,0,0,0
7-May-85,14:38,0,0,0,0,0,0
7-May-85,14:39,0,0,0,0,0,0
7-May-85,14:40,0,0,0,0,0,0
7-May-85,14:41,0,0,0,0,0,0
7-May-85,14:42,0,0,0,0,0,0
7-May-85,14:43,0,0,0,0,0,0
7-May-85,14:44,0,0,0,0,0,0
7-May-85,14:45,0,0,0,0,0,0
7-May-85,14:46,0,0,0,0,0,0
7-May-85,14:47,0,0,0,0,0,0
7-May-85,14:48,0,0,0,0,0,0
7-May-85,14:49,0,0,0,0,0,0
7-May-85,14:50,0,0,0,0,0,0
7-May-85,14:51,0,0,0,0,0,0
7-May-85,14:52,0,0,0,0,0,0
7-May-85,14:53,0,0,0,0,0,0
7-May-85,14:54,0,0,0,0,0,0
7-May-85,14:55,0,0,0,0,0,0
7-May-85,14:56,0,0,0,0,0,0
7-May-85,14:57,0,0,0,0,0,0
7-May-85,14:58,0,0,0,0,0,0
7-May-85,14:59,0,0,0,0,0,0
7-May-85,15:00,0,0,0,0,0,0
7-May-85,15:01,0,0,0,0,0,0
7-May-85,15:02,0,0,0,0,0,0
7-May-85,15:03,0,0,0,0,0,0
7-May-85,15:04,0,0,0,0,0,0
7-May-85,15:05,0,0,0,0,0,0
7-May-85,15:06,0,0,0,0,0,0
7-May-85,15:07,0,0,0,0,0,0
7-May-85,15:08,0,0,0,0,0,0
7-May-85,15:09,0,0,0,0,0,0
7-May-85,15:10,0,0,0,0,0,0
7-May-85,15:11,0,0,0,0,0,0
7-May-85,15:12,0,0,0,0,0,0
7-May-85,15:13,0,0,0,0,0,0
7-May-85,15:14,0,0,0,0,0,0
7-May-85,15:15,0,0,0,0,0,0
7-May-85,15:16,0,0,0,0,0,0
7-May-85,15:17,0,0,0,0,0,0
7-May-85,15:18,0,0,0,0,0,0
7-May-85,15:19,0,0,0,0,0,0
7-May-85,15:20,0,0,0,0,0,0
7-May-85,15:21,0,0,0,0,0,0
7-May-85,15:22,0,0,0,0,0,0
7-May-85,15:23,0,0,0,0,0,0
7-May-85,15:24,0,0,0,0,0,0
7-May-85,15:25,0,0,0,0,0,0
7-May-85,15:26,0,0,0,0,0,0
7-May-85,15:27,0,0,0,0,0,0
7-May-85,15:28,0,0,0,0,0,0
7-May-85,15:29,0,0,0,0,0,0
7-May-85,15:30,0,0,0,0,0,0
7-May-85,15:31,0,0,0,0,0,0
7-May-85,15:32,0,0,0,0,0,0
7-May-85,15:33,0,0,0,0,0,0
7-May-85,15:34,0,0,0,0,0,0
7-May-85,15:35,0,0,0,0,0,0
7-May-85,15:36,0,0,0,0,0,0
7-May-85,15:37,0,0,0,0,0,0
7-May-85,15:38,0,0,0,0,0,0
7-May-85,15:39,0,0,0,0,0,0
7-May-85,15:40,0,0,0,0,0,0
7-May-85,15:41,0,0,0,0,0,0
7-May-85,15:42,0,0,0,0,0,0
7-May-85,15:43,0,0,0,0,0,0
7-May-85,15:44,0,0,0,0,0,0
7-May-85,15:45,0,0,0,0,0,0
7-May-85,15:46,0,0,0,0,0,0
7-May-85,15:47,0,0,0,0,0,0
7-May-85,15:48,0,0,0,0,0,0
7-May-85,15:49,0,0,0,0,0,0
7-May-85,15:50,0,0,0,0,0,0
7-May-85,15:51,0,0,0,0,0,0
7-May-85,15:52,0,0,0,0,0,0
7-May-85,15:53,0,0,0,0,0,0
7-May-85,15:54,0,0,0,0,0,0
7-May-85,15:55,0,0,0,0,0,0
7-May-85,15:56,0,0,0,0,0,0
7-May-85,15:57,0,0,0,0,0,0
7-May-85,15:58,0,0,0,0,0,0
7-May-85,15:59,0,0,0,0,0,0
7-May-85,16:00,0,0,0,0,0,0
7-May-85,16:01,0,0,0,0,0,0
7-May-85,16:02,0,0,0,0,0,0
7-May-85,16:03,0,0,0,0,0,0
7-May-85,16:04,0,0,0,0,0,0
7-May-85,16:05,0,0,0,0,0,0
7-May-85,16:06,0,0,0,0,0,0
7-May-85,16:07,0,0,0,0,0,0
7-May-85,16:08,0,0,0,0,0,0
7-May-85,16:09,0,0,0,0,0,0
7-May-85,16:10,0,0,0,0,0,0
7-May-85,16:11,0,0,0,0,0,0
7-May-85,16:12,0,0,0,0,0,0
7-May-85,16:13,0,0,0,0,0,0
7-May-85,16:14,0,0,0,0,0,0
7-May-85,16:15,0,0,0,0,0,0
7-May-85,16:16,0,0,0,0,0,0
7-May-85,16:17,0,0,0,0,0,0
7-May-85,16:18,0,0,0,0,0,0
7-May-85,16:19,0,0,0,0,0,0
7-May-85,16:20,0,0,0,0,0,0
7-May-85,16:21,0,0,0,0,0,0
7-May-85,16:22,0,0,0,0,0,0
7-May-85,16:23,0,0,0,0,0,0
7-May-85,16:24,0,0,0,0,0,0
7-May-85,16:25,0,0,0,0,0,0
7-May-85,16:26,0,0,0,0,0,0
7-May-85,16:27,0,0,0,0,0,0
7-May-85,16:28,0,0,0,0,0,0
7-May-85,16:29,0,0,0,0,0,0
7-May-85,16:30,0,0,0,0,0,0
7-May-85,16:31,0,0,0,0,0,0
7-May-85,16:32,0,0,0,0,0,0
7-May-85,16:33,0,0,0,0,0,0
7-May-85,16:34,0,0,0,0,0,0
7-May-85,16:35,0,0,0,0,0,0
7-May-85,16:36,0,0,0,0,0,0
7-May-85,16:37,0,0,0,0,0,0
7-May-85,16:38,0,0,0,0,0,0
7-May-85,16:39,0,0,0,0,0,0
7-May-85,16:40,0,0,0,0,0,0
7-May-85,16:41,0,0,0,0,0,0
7-May-85,16:42,0,0,0,0,0,0
7-May-85,16:43,0,0,0,0,0,0
7-May-85,16:44,0,0,0,0,0,0
7-May-85,16:45,0,0,0,0,0,0
7-May-85,16:46,0,0,0,0,0,0
7-May-85,16:47,0,0,0,0,0,0
7-May-85,16:48,0,0,0,0,0,0
7-May-85,16:49,0,0,0,0,0,0
7-May-85,16:50,0,0,0,0,0,0
7-May-85,16:51,0,0,0,0,0,0
7-May-85,16:52,0,0,0,0,0,0
7-May-85,16:53,0,0,0,0,0,0
7-May-85,16:54,0,0,0,0,0,0
7-May-85,16:55,0,0,0,0,0,0
7-May-85,16:56,0,0,0,0,0,0
7-May-85,16:57,0,0,0,0,0,0
7-May-85,16:58,0,0,0,0,0,0
7-May-85,16:59,0,0,0,0,0,0
7-May-85,17:00,0,0,0,0,0,0
7-May-85,17:01,0,0,0,0,0,0
7-May-85,17:02,0,0,0,0,0,0
7-May-85,17:03,0,0,0,0,0,0
7-May-85,17:04,0,0,0,0,0,0
7-May-85,17:05,0,0,0,0,0,0
7-May-85,17:06,0,0,0,0,0,0
7-May-85,17:07,0,0,0,0,0,0
7-May-85,17:08,0,0,0,0,0,0
7-May-85,17:09,0,0,0,0,0,0
7-May-85,17:10,0,0,0,0,0,0
7-May-85,17:11,0,0,0,0,0,0
7-May-85,17:12,0,0,0,0,0,0
7-May-85,17:13,0,0,0,0,0,0
7-May-85,17:14,0,0,0,0,0,0
7-May-85,17:15,0,0,0,0,0,0
7-May-85,17:16,0,0,0,0,0,0
7-May-85,17:17,0,0,0,0,0,0
7-May-85,17:18,0,0,0,0,0,0
7-May-85,17:19,0,0,0,0,0,0
7-May-85,17:20,0,0,0,0,0,0
7-May-85,17:21,0,0,0,0,0,0
7-May-85,17:22,0,0,0,0,0,0
7-May-85,17:23,0,0,0,0,0,0
7-May-85,17:24,0,0,0,0,0,0
7-May-85,17:25,0,0,0,0,0,0
7-May-85,17:26,0,0,0,0,0,0
7-May-85,17:27,0,0,0,0,0,0
7-May-85,17:28,0,0,0,0,0,0
7-May-85,17:29,0,0,0,0,0,0
7-May-85,17:30,0,0,0,0,0,0
7-May-85,17:31,0,0,0,0,0,0
7-May-85,17:32,0,0,0,0,0,0
7-May-85,17:33,0,0,0,0,0,0
7-May-85,17:34,0,0,0,0,0,0
7-May-85,17:35,0,0,0,0,0,0
7-May-85,17:36,0,0,0,0,0,0
7-May-85,17:37,0,0,0,0,0,0
7-May-85,17:38,0,0,0,0,0,0
7-May-85,17:39,0,0,0,0,0,0
7-May-85,17:40,0,0,0,0,0,0
7-May-85,17:41,0,0,0,0,0,0
7-May-85,17:42,0,0,0,0,0,0
7-May-85,17:43,0,0,0,0,0,0
7-May-85,17:44,0,0,0,0,0,0
7-May-85,17:45,0,0,0,0,0,0
7-May-85,17:46,0,0,0,0,0,0
7-May-85,17:47,0,0,0,0,0,0
7-May-85,17:48,0,0,0,0,0,0
7-May-85,17:49,0,0,0,0,0,0
7-May-85,17:50,0,0,0,0,0,0
7-May-85,17:51,0,0,0,0,0,0
7-May-85,17:52,0,0,0,0,0,0
7-May-85,17:53,0,0,0,0,0,0
7-May-85,17:54,0,0,0,0,0,0
7-May-85,17:55,0,0,0,0,0,0
7-May-85,17:56,0,0,0,0,0,0
7-May-85,17:57,0,0,0,0,0,0
7-May-85,17:58,0,0,0,0,0,0
7-May-85,17:59,0,0,0,0,0,0
7-May-85,18:00,0,0,0,0,0,0
7-May-85,18:01,0,0,0,0,0,0
7-May-85,18:02,0,0,0,0,0,0
7-May-85,18:03,0,0,0,0,0,0
7-May-85,18:04,0,0,0,0,0,0
7-May-85,18:05,0,0,0,0,0,0
7-May-85,18:06,0,0,0,0,0,0
7-May-85,18:07,0,0,0,0,0,0
7-May-85,18:08,0,0,0,0,0,0
7-May-85,18:09,0,0,0,0,0,0
7-May-85,18:10,0,0,0,0,0,0
7-May-85,18:11,0,0,0,0,0,0
7-May-85,18:12,0,0,0,0,0,0
7-May-85,18:13,0,0,0,0,0,0
7-May-85,18:14,0,0,0,0,0,0
7-May-85,18:15,0,0,0,0,0,0
7-May-85,18:16,0,0,0,0,0,0
7-May-85,18:17,0,0,0,0,0,0
7-May-85,18:18,0,0,0,0,0,0
7-May-85,18:19,0,0,0,0,0,0
7-May-85,18:20,0,0,0,0,0,0
7-May-85,18:21,0,0,0,0,0,0
7-May-85,18:22,0,0,0,0,0,0
7-May-85,18:23,0,0,0,0,0,0
7-May-85,18:24,0,0,0,0,0,0
7-May-85,18:25,0,0,0,0,0,0
7-May-85,18:26,0,0,0,0,0,0
7-May-85,18:27,0,0,0,0,0,0
7-May-85,18:28,0,0,0,0,0,0
7-May-85,18:29,0,0,0,0,0,0
7-May-85,18:30,0,0,0,0,0,0
7-May-85,18:31,0,0,0,0,0,0
7-May-85,18:32,0,0,0,0,0,0
7-May-85,18:33,0,0,0,0,0,0
7-May-85,18:34,0,0,0,0,0,0
7-May-85,18:35,0,0,0,0,0,0
7-May-85,18:36,0,0,0,0,0,0
7-May-85,18:37,0,0,0,0,0,0
7-May-85,18:38,0,0,0,0,0,0
7-May-85,18:39,0,0,0,0,0,0
7-May-85,18:40,0,0,0,0,0,0
7-May-85,18:41,0,0,0,0,0,0
7-May-85,18:42,0,0,0,0,0,0
7-May-85,18:43,0,0,0,0,0,0
7-May-85,18:44,0,0,0,0,0,0
7-May-85,18:45,0,0,0,0,0,0
7-May-85,18:46,0,0,0,0,0,0
7-May-85,18:47,0,0,0,0,0,0
7-May-85,18:48,0,0,0,0,0,0
7-May-85,18:49,0,0,0,0,0,0
7-May-85,18:50,0,0,0,0,0,0
7-May-85,18:51,0,0,0,0,0,0
7-May-85,18:52,0,0,0,0,0,0
7-May-85,18:53,0,0,0,0,0,0
7-May-85,18:54,0,0,0,0,0,0
7-May-85,18:55,0,0,0,0,0,0
7-May-85,18:56,0,0,0,0,0,0
7-May-85,18:57,0,0,0,0,0,0
7-May-85,18:58,0,0,0,0,0,0
7-May-85,18:59,0,0,0,0,0,0
7-May-85,19:00,0,0,0,0,0,0
7-May-85,19:01,0,0,0,0,0,0
7-May-85,19:02,0,0,0,0,0,0
7-May-85,19:03,0,0,0,0,0,0
7-May-85,19:04,0,0,0,0,0,0
7-May-85,19:05,0,0,0,0,0,0
7-May-85,19:06,0,0,0,0,0,0
7-May-85,19:07,0,0,0,0,0,0
7-May-85,19:08,0,0,0,0,0,0
7-May-85,19:09,0,0,0,0,0,0
7-May-85,19:10,0,0,0,0,0,0
7-May-85,19:11,0,0,0,0,0,0
7-May-85,19:12,0,0,0,0,0,0
7-May-85,19:13,0,0,0,0,0,0
7-May-85,19:14,0,0,0,0,0,0
7-May-85,19:15,0,0,0,0,0,0
7-May-85,19:16,0,0,0,0,0,0
7-May-85,19:17,0,0,0,0,0,0
7-May-85,19:18,0,0,0,0,0,0
7-May-85,19:19,0,0,0,0,0,0
7-May-85,19:20,0,0,0,0,0,0
7-May-85,19:21,0,0,0,0,0,0
7-May-85,19:22,0,0,0,0,0,0
7-May-85,19:23,0,0,0,0,0,0
7-May-85,19:24,0,0,0,0,0,0
7-May-85,19:25,0,0,0,0,0,0
7-May-85,19:26,0,0,0,0,0,0
7-May-85,19:27,0,0,0,0,0,0
7-May-85,19:28,0,0,0,0,0,0
7-May-85,19:29,0,0,0,0,0,0
7-May-85,19:30,0,0,0,0,0,0
7-May-85,19:31,0,0,0,0,0,0
7-May-85,19:32,0,0,0,0,0,0
7-May-85,19:33,0,0,0,0,0,0
7-May-85,19:34,0,0,0,0,0,0
7-May-85,19:35,0,0,0,0,0,0
7-May-85,19:36,0,0,0,0,0,0
7-May-85,19:37,0,0,0,0,0,0
7-May-85,19:38,0,0,0,0,0,0
7-May-85,19:39,0,0,0,0,0,0
7-May-85,19:40,0,0,0,0,0,0
7-May-85,19:41,0,0,0,0,0,0
7-May-85,19:42,0,0,0,0,0,0
7-May-85,19:43,0,0,0,0,0,0
7-May-85,19:44,0,0,0,0,0,0
7-May-85,19:45,0,0,0,0,0,0
7-May-85,19:46,0,0,0,0,0,0
7-May-85,19:47,0,0,0,0,0,0
7-May-85,19:48,0,0,0,0,0,0
7-May-85,19:49,0,0,0,0,0,0
7-May-85,19:50,0,0,0,0,0,0
7-May-85,19:51,0,0,0,0,0,0
7-May-85,19:52,0,0,0,0,0,0
7-May-85,19:53,0,0,0,0,0,0
7-May-85,19:54,0,0,0,0,0,0
7-May-85,19:55,0,0,0,0,0,0
7-May-85,19:56,0,0,0,0,0,0
7-May-85,19:57,0,0,0,0,0,0
7-May-85,19:58,0,0,0,0,0,0
7-May-85,19:59,0,0,0,0,0,0
7-May-85,20:00,0,0,0,0,0,0
7-May-85,20:01,0,0,0,0,0,0
7-May-85,20:02,0,0,0,0,0,0
7-May-85,20:03,0,0,0,0,0,0
7-May-85,20:04,0,0,0,0,0,0
7-May-85,20:05,0,0,0,0,0,0
7-May-85,20:06,0,0,0,0,0,0
7-May-85,20:07,0,0,0,0,0,0
7-May-85,20:08,0,0,0,0,0,0
7-May-85,20:09,0,0,0,0,0,0
7-May-85,20:10,0,0,0,0,0,0
7-May-85,20:11,0,0,0,0,0,0
7-May-85,20:12,0,0,0,0,0,0
7-May-85,20:13,0,0,0,0,0,0
7-May-85,20:14,0,0,0,0,0,0
7-May-85,20:15,0,0,0,0,0,0
7-May-85,20:16,0,0,0,0,0,0
7-May-85,20:17,0,0,0,0,0,0
7-May-85,20:18,0,0,0,0,0,0
7-May-85,20:19,0,0,0,0,0,0
7-May-85,20:20,0,0,0,0,0,0
7-May-85,20:21,0,0,0,0,0,0
7-May-85,20:22,0,0,0,0,0,0
7-May-85,20:23,0,0,0,0,0,0
7-May-85,20:24,0,0,0,0,0,0
7-May-85,20:25,0,0,0,0,0,0
7-May-85,20:26,0,0,0,0,0,0
7-May-85,20:27,0,0,0,0,0,0
7-May-85,20:28,0,0,0,0,0,0
7-May-85,20:29,0,0,0,0,0,0
7-May-85,20:30,0,0,0,0,0,0
7-May-85,20:31,0,0,0,0,0,0
7-May-85,20:32,0,0,0,0,0,0
7-May-85,20:33,0,0,0,0,0,0
7-May-85,20:34,0,0,0,0,0,0
7-May-85,20:35,0,0,0,0,0,0
7-May-85,20:36,0,0,0,0,0,0
7-May-85,20:37,0,0,0,0,0,0
7-May-85,20:38,0,0,0,0,0,0
7-May-85,20:39,0,0,0,0,0,0
7-May-85,20:40,0,0,0,0,0,0
7-May-85,20:41,0,0,0,0,0,0
7-May-85,20:42,0,0,0,0,0,0
7-May-85,20:43,0,0,0,0,0,0
7-May-85,20:44,0,0,0,0,0,0
7-May-85,20:45,0,0,0,0,0,0
7-May-85,20:46,0,0,0,0,0,0
7-May-85,20:47,0,0,0,0,0,0
7-May-85,20:48,0,0,0,0,0,0
7-May-85,20:49,0,0,0,0,0,0
7-May-85,20:50,0,0,0,0,0,0
7-May-85,20:51,0,0,0,0,0,0
7-May-85,20:52,0,0,0,0,0,0
7-May-85,20:53,0,0,0,0,0,0
7-May-85,20:54,0,0,0,0,0,0
7-May-85,20:55,0,0,0,0,0,0
7-May-85,20:56,0,0,0,0,0,0
7-May-85,20:57,0,0,0,0,0,0
7-May-85,20:58,0,0,0,0,0,0
7-May-85,20:59,0,0,0,0,0,0
7-May-85,21:00,0,0,0,0,0,0
7-May-85,21:01,0,0,0,0,0,0
7-May-85,21:02,0,0,0,0,0,0
7-May-85,21:03,0,0,0,0,0,0
7-May-85,21:04,0,0,0,0,0,0
7-May-85,21:05,0,0,0,0,0,0
7-May-85,21:06,0,0,0,0,0,0
7-May-85,21:07,0,0,0,0,0,0
7-May-85,21:08,0,0,0,0,0,0
7-May-85,21:09,0,0,0,0,0,0
7-May-85,21:10,0,0,0,0,0,0
7-May-85,21:11,0,0,0,0,0,0
7-May-85,21:12,0,0,0,0,0,0
7-May-85,21:13,0,0,0,0,0,0
7-May-85,21:14,0,0,0,0,0,0
7-May-85,21:15,0,0,0,0,0,0
7-May-85,21:16,0,0,0,0,0,0
7-May-85,21:17,0,0,0,0,0,0
7-May-85,21:18,0,0,0,0,0,0
7-May-85,21:19,0,0,0,0,0,0
7-May-85,21:20,0,0,0,0,0,0
7-May-85,21:21,0,0,0,0,0,0
7-May-85,21:22,0,0,0,0,0,0
7-May-85,21:23,0,0,0,0,0,0
7-May-85,21:24,0,0,0,0,0,0
7-May-85,21:25,0,0,0,0,0,0
7-May-85,21:26,0,0,0,0,0,0
7-May-85,21:27,0,0,0,0,0,0
7-May-85,21:28,0,0,0,0,0,0
7-May-85,21:29,0,0,0,0,0,0
7-May-85,21:30,0,0,0,0,0,0
7-May-85,21:31,0,0,0,0,0,0
7-May-85,21:32,0,0,0,0,0,0
7-May-85,21:33,0,0,0,0,0,0
7-May-85,21:34,0,0,0,0,0,0
7-May-85,21:35,0,0,0,0,0,0
7-May-85,21:36,0,0,0,0,0,0
7-May-85,21:37,0,0,0,0,0,0
7-May-85,21:38,0,0,0,0,0,0
7-May-85,21:39,0,0,0,0,0,0
7-May-85,21:40,0,0,0,0,0,0
7-May-85,21:41,0,0,0,0,0,0
7-May-85,21:42,0,0,0,0,0,0
7-May-85,21:43,0,0,0,0,0,0
7-May-85,21:44,0,0,0,0,0,0
7-May-85,21:45,0,0,0,0,0,0
7-May-85,21:46,0,0,0,0,0,0
7-May-85,21:47,0,0,0,0,0,0
7-May-85,21:48,0,0,0,0,0,0
7-May-85,21:49,0,0,0,0,0,0
7-May-85,21:50,0,0,0,0,0,0
7-May-85,21:51,0,0,0,0,0,0
7-May-85,21:52,0,0,0,0,0,0
7-May-85,21:53,0,0,0,0,0,0
7-May-85,21:54,0,0,0,0,0,0
7-May-85,21:55,0,0,0,0,0,0
7-May-85,21:56,0,0,0,0,0,0
7-May-85,21:57,0,0,0,0,0,0
7-May-85,21:58,0,0,0,0,0,0
7-May-85,21:59,0,0,0,0,0,0
7-May-85,22:00,0,0,0,0,0,0
7-May-85,22:01,0,0,0,0,0,0
7-May-85,22:02,0,0,0,0,0,0
7-May-85,22:03,0,0,0,0,0,0
7-May-85,22:04,0,0,0,0,0,0
7-May-85,22:05,0,0,0,0,0,0
7-May-85,22:06,0,0,0,0,0,0
7-May-85,22:07,0,0,0,0,0,0
7-May-85,22:08,0,0,0,0,0,0
7-May-85,22:09,0,0,0,0,0,0
7-May-85,22:10,0,0,0,0,0,0
7-May-85,22:11,0,0,0,0,0,0
7-May-85,22:12,0,0,0,0,0,0
7-May-85,22:13,0,0,0,0,0,0
7-May-85,22:14,0,0,0,0,0,0
7-May-85,22:15,0,0,0,0,0,0
7-May-85,22:16,0,0,0,0,0,0
7-May-85,22:17,0,0,0,0,0,0
7-May-85,22:18,0,0,0,0,0,0
7-May-85,22:19,0,0,0,0,0,0
7-May-85,22:20,0,0,0,0,0,0
7-May-85,22:21,0,0,0,0,0,0
7-May-85,22:22,0,0,0,0,0,0
7-May-85,22:23,0,0,0,0,0,0
7-May-85,22:24,0,0,0,0,0,0
7-May-85,22:25,0,0,0,0,0,0
7-May-85,22:26,0,0,0,0,0,0
7-May-85,22:27,0,0,0,0,0,0
7-May-85,22:28,0,0,0,0,0,0
7-May-85,22:29,0,0,0,0,0,0
7-May-85,22:30,0,0,0,0,0,0
7-May-85,22:31,0,0,0,0,0,0
7-May-85,22:32,0,0,0,0,0,0
7-May-85,22:33,0,0,0,0,0,0
7-May-85,22:34,0,0,0,0,0,0
7-May-85,22:35,0,0,0,0,0,0
7-May-85,22:36,0,0,0,0,0,0
7-May-85,22:37,0,0,0,0,0,0
7-May-85,22:38,0,0,0,0,0,0
7-May-85,22:39,0,0,0,0,0,0
7-May-85,22:40,0,0,0,0,0,0
7-May-85,22:41,0,0,0,0,0,0
7-May-85,22:42,0,0,0,0,0,0
7-May-85,22:43,0,0,0,0,0,0
7-May-85,22:44,0,0,0,0,0,0
7-May-85,22:45,0,0,0,0,0,0
7-May-85,22:46,0,0,0,0,0,0
7-May-85,22:47,0,0,0,0,0,0
7-May-85,22:48,0,0,0,0,0,0
7-May-85,22:49,0,0,0,0,0,0
7-May-85,22:50,0,0,0,0,0,0
7-May-85,22:51,0,0,0,0,0,0
7-May-85,22:52,0,0,0,0,0,0
7-May-85,22:53,0,0,0,0,0,0
7-May-85,22:54,0,0,0,0,0,0
7-May-85,22:55,0,0,0,0,0,0
7-May-85,22:56,0,0,0,0,0,0
7-May-85,22:57,0,0,0,0,0,0
7-May-85,22:58,0,0,0,0,0,0
7-May-85,22:59,0,0,0,0,0,0
7-May-85,23:00,0,0,0,0,0,0
7-May-85,23:01,0,0,0,0,0,0
7-May-85,23:02,0,0,0,0,0,0
7-May-85,23:03,0,0,0,0,0,0
7-May-85,23:04,0,0,0,0,0,0
7-May-85,23:05,0,0,0,0,0,0
7-May-85,23:06,0,0,0,0,0,0
7-May-85,23:07,0,0,0,0,0,0
7-May-85,23:08,0,0,0,0,0,0
7-May-85,23:09,0,0,0,0,0,0
7-May-85,23:10,0,0,0,0,0,0
7-May-85,23:11,0,0,0,0,0,0
7-May-85,23:12,0,0,0,0,0,0
7-May-85,23:13,0,0,0,0,0,0
7-May-85,23:14,0,0,0,0,0,0
7-May-85,23:15,0,0,0,0,0,0
7-May-85,23:16,0,0,0,0,0,0
7-May-85,23:17,0,0,0,0,0,0
7-May-85,23:18,0,0,0,0,0,0
7-May-85,23:19,0,0,0,0,0,0
7-May-85,23:20,0,0,0,0,0,0
7-May-85,23:21,0,0,0,0,0,0
7-May-85,23:22,0,0,0,0,0,0
7-May-85,23:23,0,0,0,0,0,0
7-May-85,23:24,0,0,0,0,0,0
7-May-85,23:25,0,0,0,0,0,0
7-May-85,23:26,0,0,0,0,0,0
7-May-85,23:27,0,0,0,0,0,0
7-May-85,23:28,0,0,0,0,0,0
7-May-85,23:29,0,0,0,0,0,0
7-May-85,23:30,0,0,0,0,0,0
7-May-85,23:31,0,0,0,0,0,0
7-May-85,23:32,0,0,0,0,0,0
7-May-85,23:33,0,0,0,0,0,0
7-May-85,23:34,0,0,0,0,0,0
7-May-85,23:35,0,0,0,0,0,0
7-May-85,23:36,0,0,0,0,0,0
7-May-85,23:37,0,0,0,0,0,0
7-May-85,23:38,0,0,0,0,0,0
7-May-85,23:39,0,0,0,0,0,0
7-May-85,23:40,0,0,0,0,0,0
7-May-85,23:41,0,0,0,0,0,0
7-May-85,23:42,0,0,0,0,0,0
7-May-85,23:43,0,0,0,0,0,0
7-May-85,23:44,0,0,0,0,0,0
7-May-85,23:45,0,0,0,0,0,0
7-May-85,23:46,0,0,0,0,0,0
7-May-85,23:47,0,0,0,0,0,0
7-May-85,23:48,0,0,0,0,0,0
7-May-85,23:49,0,0,0,0,0,0
7-May-85,23:50,0,0,0,0,0,0
7-May-85,23:51,0,0,0,0,0,0
7-May-85,23:52,0,0,0,0,0,0
7-May-85,23:53,0,0,0,0,0,0
7-May-85,23:54,0,0,0,0,0,0
7-May-85,23:55,0,0,0,0,0,0
7-May-85,23:56,0,0,0,0,0,0
7-May-85,23:57,0,0,0,0,0,0
7-May-85,23:58,0,0,0,0,0,0
7-May-85,23:59,0,0,0,0,0,0
8-May-85,0:00,0,0,0,0,0,0
8-May-85,0:01,0,0,0,0,0,0
